animal_id,herd,parity,calving_date,milk_305_kg,fat_pct,protein_pct,scc
A00072,H1,4,2023-08-16,10305.391522730657,3.3622412028365405,3.0156076887647827,161958.4038649637
A00687,H2,3,2022-06-25,8554.592266608117,4.019849493715707,3.3900025483772107,156062.0543786802
A00322,H1,5,2023-09-09,9445.730919466652,3.61027934979275,3.408121054235309,145573.30111782873
A00182,H2,4,2023-05-01,10474.628468548492,3.761367629482799,3.1729009920106406,121432.08846066495
A00292,H1,3,2024-01-19,10151.992835045568,4.385411900217615,3.176845297050769,110309.45646779201
A00124,H1,1,2023-10-05,9516.610068827173,3.821513135586281,3.0987718341467447,91464.1017484373
A00452,H1,4,2022-08-08,8425.599534028732,3.9857885670762982,3.130208252688035,172419.78053611997
A00667,H1,5,2023-01-30,10183.041010185367,3.90589888719367,3.3722044413529413,156207.10700925894
A00638,H2,4,2023-10-08,8713.851463394842,3.682406836426801,3.1350019873161985,127173.20082367068
A00565,H1,3,2024-07-04,10559.407863659175,3.4292825570960486,3.1897206946025607,165386.82650886048
A00453,H2,3,2024-12-24,8965.52709548692,3.684412051833858,3.4044356586262876,133733.99287400756
A00244,H3,1,2022-11-17,6935.082389153817,3.9242901860134407,3.2756366324927018,226994.66307833986
A00102,H2,3,2025-09-25,8822.567052031645,3.914193809389353,3.130853330608003,120639.04476390427
A00532,H1,4,2024-09-15,9844.68767610221,3.732649414949319,3.2522489413709836,200153.24325712072
A00398,H1,4,2022-08-16,9077.914797138827,3.8300704472733997,2.9462798018875547,62951.70283010215
A00305,H1,2,2025-08-09,9736.739884058428,3.6236302361599844,3.18193074027291,327069.3646676277
A00211,H2,4,2024-12-16,8967.371644717943,3.5624944862723544,3.188974046337899,248345.31492574667
A00360,H1,4,2023-02-23,9974.234259733987,3.701462511075801,2.989709586210078,156634.17622403873
A00395,H1,4,2023-02-27,11209.724683315719,3.7901610931317435,3.0657704513280644,167034.54963649105
A00502,H1,1,2023-11-08,9293.410989971766,3.939217764787377,3.513394520419521,73506.76637479143
A00635,H3,1,2025-09-16,6467.394910594509,3.958787736703601,3.209999914522221,62063.09428785437
A00465,H1,3,2024-12-07,10377.18122985622,4.349182722922946,3.7744952438813195,192343.13800990573
A00129,H1,3,2025-01-10,9002.611643057004,3.746160684955078,3.1398225761692347,137849.2590274482
A00214,H2,1,2025-05-11,8312.205454938588,3.5410865617935467,2.9485570699532158,112039.39479072415
A00096,H2,2,2024-09-26,9017.663637152518,4.045684877755765,3.1601267922629526,73675.40562783822
A00582,H1,1,2024-01-30,10714.377869223645,3.6446533301939033,3.400928056672542,87258.84988138828
A00163,H1,5,2024-05-01,9435.942152088091,3.686303076142652,3.3302929962667744,114165.04971936185
A00413,H1,5,2025-09-20,9258.743815553911,4.244772814102609,3.278798490443219,139693.71813502922
A00093,H1,3,2022-01-31,9431.899681020057,4.126572177514972,3.3271761589230904,376941.0802005297
A00618,H1,1,2025-07-06,7453.1794248322085,4.262731983057812,3.5602598297409935,134682.98613568305
A00598,H2,1,2024-09-12,9374.10744330408,3.576318245261043,3.365798823044028,118376.73644072626
A00700,H1,3,2022-07-16,9954.412657822853,4.201870465328429,3.266305283242314,220742.8766400939
A00776,H1,1,2025-06-23,7632.228085002709,3.630461908267812,3.189857780673854,259868.78213145855
A00556,H2,5,2022-06-29,8472.851956600685,3.7180817264095096,3.430496408554829,207162.71686795863
A00251,H1,5,2025-08-07,8980.970014349057,3.910624197817805,3.281783204521668,78257.32621247941
A00740,H1,4,2023-07-28,11777.62287691043,4.319211152820417,3.0964161968994124,126242.57785585395
A00346,H2,3,2025-03-05,10563.66452809132,3.6177290405640976,3.1322536407877966,41357.83469742904
A00015,H1,4,2024-04-09,9321.240033417002,3.6307848054581027,3.2330327402345396,52247.824796130735
A00220,H1,3,2023-01-03,8723.216912835476,4.309228382080328,3.772912090463273,74269.1247421083
A00190,H2,2,2022-07-20,10593.206471777867,3.5532857303929406,3.2058499877304203,239137.29420404817
A00479,H1,1,2024-03-01,7636.085043412935,3.7904565640063335,3.202050251798388,172420.6667649866
A00123,H1,3,2024-03-20,10807.705530092167,3.8888573319171162,3.3133161535118565,154861.0870721412
A00589,H3,5,2024-01-05,8429.635021175349,4.323292077232648,3.5332038824455436,189074.89863466276
A00035,H1,1,2023-05-27,9049.796398798206,3.5718971320041453,3.4644057315559955,175613.3720950289
A00324,H1,5,2025-02-20,9862.861269769715,3.57239232889638,3.1651255346590093,175715.395775048
A00675,H2,4,2024-12-02,9014.150504560064,3.7370056554482787,3.2774612521784445,362683.4727190778
A00667,H1,3,2024-07-28,9875.213252016698,3.757021354669677,2.933790079153855,182624.58256608772
A00512,H1,2,2023-05-19,10413.599894223773,3.7678686942192763,3.2389616177508076,79749.95581922457
A00189,H3,2,2024-07-07,10236.748643444611,4.094352972244423,3.3290356022073238,427090.53213057824
A00734,H2,2,2025-01-06,8853.70648130825,3.8166364539648012,3.12446371180595,271615.0088048822
A00029,H2,2,2023-11-21,9036.271308928961,4.092811773366829,3.385156417971627,447207.6323575197
A00689,H1,3,2025-07-05,9627.69948891846,3.556998201851296,3.1567096283740708,371434.43228636443
A00357,H2,4,2025-06-29,9238.108330189541,3.495859962654718,3.1291947500686152,180881.29312610455
A00757,H2,1,2024-02-23,6398.1116598966455,3.876091682257565,3.262966043181864,192283.2346179186
A00415,H2,3,2022-07-10,9802.655851130045,3.404601400136514,3.5156708286496317,187101.12792388897
A00745,H1,5,2024-11-26,9921.900258336067,4.117117888997259,3.2919180436246904,172651.62393272802
A00508,H1,2,2023-12-30,9359.28704956171,3.9458484660883735,3.429968364443853,79480.6539025801
A00252,H1,1,2024-09-25,7831.438813717858,3.6444374956774195,3.286415114529615,248953.56879832954
A00112,H3,2,2022-01-07,9481.679669180927,3.9385291253310233,3.6689775580622954,132626.68220527758
A00575,H1,3,2024-03-16,9481.218499669827,3.876970111085758,3.4857191232748947,57356.12105616634
A00346,H1,2,2023-03-08,10078.498543052361,3.981046960703192,3.2997293522791398,64262.46827870195
A00354,H3,1,2025-04-18,7667.145133122957,3.9148464429291527,3.3763516527198285,162972.2846180585
A00499,H3,1,2025-03-28,7465.259058038737,3.755097146542135,3.285419697398252,245415.4231555975
A00024,H3,2,2024-06-17,8506.80622132228,3.7706144581679673,3.399313427564333,45367.63981362811
A00785,H1,5,2023-01-29,8785.3087718835,4.037358474931935,3.1987208680511365,168900.4255352378
A00680,H2,5,2025-02-21,8993.83502896063,4.138396472392349,3.2665827985181397,90757.97606441448
A00360,H2,1,2022-03-14,8167.996283992045,4.00089625484465,3.559738569609877,65452.61101712897
A00155,H1,1,2024-04-23,9312.0855240555,3.817228337328068,2.9204369513474444,261808.54412943314
A00297,H1,1,2023-05-31,8214.35752918437,3.956972610173729,3.215936018631447,182697.6307767038
A00785,H1,2,2025-07-19,9132.149900367362,3.480785545788567,3.442100034982957,122945.65037344309
A00355,H1,5,2023-09-25,9414.877242421526,4.337753140031574,3.6238564952296755,156376.0956278941
A00407,H1,1,2023-02-22,8097.094201860743,3.9332675931545635,3.245344687368306,181087.47846924386
A00123,H1,3,2025-07-23,8622.0115521634,3.735331178765166,3.1972255144032227,479610.3443164852
A00471,H1,1,2024-02-23,9173.209824840797,3.7482304409124185,3.198814509152783,167641.98833763064
A00494,H2,2,2023-04-15,8266.679235797648,3.801584765590567,3.71758127078725,171482.8290903701
A00440,H2,3,2025-04-28,10001.8672439438,3.785804201401827,3.219326635390443,93967.20665791488
A00197,H2,2,2023-06-10,9723.580065641012,3.966396309078357,3.445351660800264,186896.3412771273
A00396,H1,3,2023-04-03,9622.1035061457,4.083886781366287,2.920346904841278,122642.1632245255
A00350,H3,5,2023-07-23,9233.323737628563,3.6201299416788024,2.9795493779126385,25328.189663172194
A00298,H3,1,2025-09-24,8092.7444744638,3.6601069284876275,3.333714437710055,58795.203726451386
A00603,H2,2,2023-04-02,10011.70884125202,3.886161306559013,3.3702986832594393,99247.0230598037
A00009,H2,5,2025-09-16,7833.277875708916,3.57807608607136,3.490441180537642,133730.81043226813
A00403,H1,3,2023-03-26,10017.180816503698,3.9145572058306732,3.5316492439005827,120731.97519342053
A00065,H1,2,2025-05-26,10024.657606037319,3.458560231954871,3.364744762477202,108567.54387927256
A00797,H1,3,2022-01-20,8249.683243808131,3.6434426334090113,3.2945798621996096,134706.63217300587
A00068,H2,4,2024-11-10,9231.388254862237,3.547865989514223,3.377232935361829,223237.1984465077
A00746,H1,5,2023-12-29,11124.68165013341,3.8282264572368723,3.194725020699776,95442.00121569725
A00615,H3,2,2023-04-12,8096.66772848817,3.782329904586982,3.3101731231295886,154674.131937025
A00314,H1,1,2023-03-10,8741.824860036024,3.6867709638338217,3.3487170257493637,167908.54338984538
A00154,H2,3,2022-01-11,9573.477572835593,3.5750763033780615,3.2841718107107396,62661.16031212576
A00643,H1,4,2025-09-10,9739.732634796079,3.247519508550031,3.04185742115224,125759.07105506732
A00610,H3,1,2022-06-06,9782.566945667106,3.505846320142674,3.0992565872646654,172760.16705722376
A00334,H3,5,2022-07-30,10044.937064197025,3.3870602129551832,3.01940754276775,116334.69405569695
A00231,H1,5,2025-09-11,9328.941519160671,3.4062594850894676,3.342773872522146,106071.34796367814
A00520,H2,1,2024-01-10,8821.277078560375,3.990731620584234,3.3306578855085167,54558.684581359055
A00642,H1,2,2022-05-30,9817.894510061824,3.4940663911502345,3.3303379865577516,92450.73901854936
A00592,H2,4,2023-06-07,8729.292070509517,4.162794712255266,3.1706825641174463,152917.70463459764
A00040,H1,2,2024-07-16,9871.289565514335,3.7166369132088186,3.1759051020010824,339753.6777956517
A00204,H3,2,2023-12-19,10953.37425737258,3.6986826836376667,2.9013691526883667,124504.87955862428
A00279,H1,3,2025-04-28,8877.11862041732,3.994890285619119,3.3444113275514953,61190.498378071905
A00340,H3,5,2024-05-23,8319.464274131009,3.7644991963981194,3.360746218054341,53102.94195658329
A00238,H1,3,2025-06-07,11444.913703423565,3.80645681654876,3.5502197700015135,77353.89067970366
A00281,H1,2,2023-02-18,9809.050920712558,4.153129709207899,3.191717493228412,54350.71150198428
A00363,H2,3,2024-01-11,9029.538497171156,3.7796030575787194,2.942982601117207,56896.86770546013
A00713,H1,5,2025-09-09,9820.214846739726,3.9180924388185594,3.121502531673433,68070.03948071018
A00594,H1,1,2022-08-01,10744.09369172651,3.955047149681234,3.3197865654271626,135704.33828846805
A00508,H1,3,2025-07-24,9155.267780185652,3.741148131764009,3.1637614292358434,241076.98608219688
A00796,H1,3,2024-06-12,9380.325053173383,3.9285193059674492,3.2057629299976775,265567.0858007704
A00751,H1,5,2023-02-07,7333.374962875496,3.6090903889077985,3.0852718991477333,132949.91806239885
A00033,H1,1,2022-03-11,7959.035097520546,3.8357613646966175,3.4388512518594427,83517.81851056001
A00360,H1,2,2023-11-03,9914.61254051163,3.8465883020511753,3.376299456656122,80607.23628325661
A00316,H1,1,2023-11-27,7495.211105672759,3.4591305130328274,3.373434826349439,121518.17800085964
A00374,H1,5,2022-11-10,7093.452973788481,3.475840327524168,3.083880440458852,360446.16601389716
A00258,H1,2,2025-06-27,8489.332468633085,3.5701160311823683,3.330606469010088,155337.45705313445
A00483,H1,1,2022-01-29,8938.053944437757,4.044441847271231,3.3952614907500047,56753.203122799925
A00736,H2,3,2022-11-27,10258.46552130222,3.5448442451216655,2.915229626821787,159183.27107482392
A00225,H2,5,2023-09-19,8369.532234743776,3.576717344603784,3.2520612325007177,125345.81929132574
A00131,H1,5,2024-04-06,11105.672624085057,4.134012170888857,3.084246928394357,250547.09044711414
A00439,H2,4,2023-02-10,9901.559940782145,3.9850035590760835,3.3646431310069977,184032.08895486532
A00174,H1,2,2022-01-27,9089.073105383868,3.5300397605899945,3.5527269914741484,423279.4074218753
A00661,H3,2,2022-07-22,8641.725400007495,3.8506993192244447,3.053175153316843,190343.45092429314
A00476,H1,1,2025-09-19,8457.999861035965,3.8300676090357975,3.5735610099960353,256508.8818750004
A00311,H3,1,2022-05-05,7884.562509567735,3.5293932006529283,3.222810662030753,95868.39256270471
A00705,H2,1,2023-02-08,8776.547543628085,3.3533231221579802,3.227916765250877,272613.7956465627
A00126,H3,2,2025-02-22,8097.648336179119,3.5290752931604845,3.3120288828550644,188331.42594763116
A00203,H2,4,2024-02-16,9225.723016781129,3.4889485302847825,3.1925608125380385,170882.12835966566
A00755,H2,1,2023-05-06,8011.708872475233,3.6429834790686564,3.306061510174619,117853.19573895112
A00417,H2,3,2022-07-24,8198.97230597679,3.6796897190336466,3.508799849184963,74693.09014507859
A00275,H2,3,2024-06-01,9425.080091651167,3.77059728614372,3.4685541692071302,30172.61226377112
A00703,H2,5,2024-02-20,8038.880276974245,3.7050483720525262,3.114479454898848,87709.27626273224
A00403,H1,1,2023-08-14,8261.500015568465,4.326265053516117,3.2564037658572325,429598.00963440904
A00595,H3,4,2023-06-25,9151.25882680289,4.5947134198418835,3.403231403472062,98128.37556029696
A00009,H3,4,2023-11-22,9493.331874214726,3.807771396942788,3.300143664612125,151263.9656032669
A00375,H1,2,2024-07-26,7671.729692571215,4.016643167152384,3.073236504430546,63133.770260236844
A00379,H3,4,2023-04-16,9741.516228505989,3.464456208407273,3.1767501252209396,105605.53800607978
A00223,H1,1,2022-03-03,7968.074686367658,4.031070669364057,3.261340426300246,48205.230998564766
A00707,H1,1,2022-07-05,8594.879242309671,3.843004385867445,3.2906007711118326,264866.2707688611
A00236,H3,2,2025-07-28,7627.904771031256,3.8722291667921764,3.4740905281563603,115796.18630718162
A00341,H2,1,2024-10-14,7604.0312168840055,3.697902843186318,3.256944602136565,124410.61367578286
A00494,H3,2,2024-03-10,8110.6812822365955,3.9197188846301154,2.9735844274132983,189511.61533507882
A00089,H2,4,2022-03-01,8811.766090889914,4.315074542631019,3.2094223391389423,69715.6918876595
A00166,H1,1,2025-03-04,8200.233238956522,3.9492583250038726,3.3500047759570224,103268.7355967507
A00704,H3,4,2024-02-26,8099.607597883142,3.93235335178143,3.495417168175426,48528.741822419535
A00700,H1,1,2025-07-10,8778.143435630678,3.7071376952008155,3.220091588449048,464025.83159550314
A00362,H1,3,2025-02-04,9881.482310419373,3.8515041701090174,3.3306983318751686,301816.6806725657
A00348,H3,1,2022-08-12,8299.560925990225,3.512283872703608,3.2341821863651883,263699.1771695158
A00305,H3,1,2022-01-03,8352.013971539087,4.10007656456483,3.30208464825228,121172.63990019831
A00258,H1,5,2025-09-15,9451.903053033715,2.9378967936963036,2.939776586667025,196703.29067411445
A00663,H1,5,2024-02-05,10649.646944443479,3.7289924671068304,3.6537256562325373,149827.3126935058
A00041,H2,5,2022-10-18,8826.677439255696,3.5494140048272995,3.2302490586950277,146829.0305445224
A00443,H1,5,2025-04-17,10324.61609118152,3.8586529685463136,3.1990967651534374,140741.6775159965
A00050,H1,1,2025-06-16,7852.992092743158,3.5896030918446815,3.4488422587724554,117123.99626821284
A00527,H1,3,2024-04-20,8510.908497147047,3.9073704288659012,3.382404956637107,187779.26771381128
A00761,H1,5,2023-09-08,9413.077995057958,3.774345060132388,3.163097771429564,252893.55266783643
A00289,H1,5,2024-10-02,9001.389234284898,3.9381800407565852,3.3880281169211637,161312.2719360808
A00591,H3,2,2023-07-29,8555.464279874968,3.6176782659065845,3.1753948481495455,219418.64384534393
A00207,H1,1,2023-03-21,8558.903977446473,4.039062040907451,3.318191668622511,71503.57453518132
A00534,H1,1,2024-12-01,7114.667423110176,3.588739072603424,3.0662118710779023,154769.86710928936
A00697,H1,2,2023-01-20,9873.392404992257,3.9290119676610713,3.3237691223191645,217090.88590201392
A00227,H2,4,2025-07-28,7149.7071850893735,3.8090149816994487,3.249166064999618,280887.6195659727
A00575,H1,5,2023-08-26,9573.337391001982,3.7180205906689214,3.2497493227401972,271053.7347061436
A00549,H1,1,2025-07-05,9297.618576349914,3.611302045717294,3.425300943079132,228097.94072906848
A00355,H1,4,2025-01-12,9157.124580761005,3.98564861582299,3.0779874698677485,195027.90351359948
A00196,H2,5,2024-11-12,8851.59957452381,4.4112825362647285,3.002083182006334,362797.21216457675
A00485,H1,4,2023-02-23,10160.526354010646,3.8115787239094954,3.5117290326623425,114063.19165252928
A00207,H3,3,2022-08-18,8699.861827421544,3.532009361927445,3.3319042696625534,356991.10598148685
A00188,H2,1,2024-04-08,8291.859424601613,3.401801435069618,3.085681962390611,171864.59385799913
A00093,H1,3,2024-04-28,9349.684887962088,4.2088250391613595,3.293875446472297,136987.09249826233
A00471,H1,4,2023-10-14,9037.680062421514,3.500472585050287,2.972147463546025,221978.875971856
A00708,H1,3,2024-01-26,9794.210182560924,4.048733063228907,3.2824655097447515,101190.24228659093
A00020,H1,5,2022-05-26,9862.658040249062,4.093415877836022,3.473552799426486,295507.6970161678
A00077,H1,2,2022-03-12,10155.665727600232,3.5756655813632388,3.3761301682347256,66496.34019065317
A00725,H1,5,2023-06-25,10660.990262141615,3.7820814040781765,3.042595208570182,129849.09595437333
A00258,H1,3,2025-04-18,10912.055994278491,3.7596823937491384,3.3133662049245265,82885.40610091452
A00409,H1,1,2022-04-29,8665.36503856853,3.8039560633711944,3.2013720767193226,434171.68327329314
A00350,H1,1,2022-07-21,6746.4124417059675,3.62644816200513,3.2026467835978565,99397.1745680945
A00035,H1,1,2024-01-17,8813.230657221453,3.859306959105394,3.2340166394117498,150342.05205274455
A00591,H1,2,2023-05-19,7834.763511900592,3.714207292235971,3.2526150187487626,226942.78765544854
A00608,H1,1,2022-08-11,9498.764920190144,3.8960144578178912,3.4232783630476313,176659.19988014956
A00141,H2,1,2023-09-07,8216.035085108932,3.8003349616886215,3.5151316429941235,34470.78028703644
A00364,H1,1,2023-10-10,8273.382758731776,3.473168588056738,3.0726715541840512,89490.30424748677
A00525,H2,2,2024-08-30,8556.797098473833,3.7091041774233,3.043143280506107,47739.399685229015
A00496,H1,2,2022-12-20,8022.169393892221,3.6595063854224352,3.2767528771545096,186860.25775519968
A00607,H1,1,2023-03-07,9650.619919682533,3.649947075849537,3.363914424629315,149045.5685114664
A00008,H3,2,2024-11-24,9135.50878773638,3.7647530256388952,3.5257202003081893,274552.29606117733
A00518,H3,3,2022-03-23,10837.884025148165,4.290121150195756,3.0289600214519505,86031.66510686575
A00022,H1,2,2023-07-22,8993.30281983671,3.955056677368646,3.2315685928100026,101524.19270489135
A00166,H1,2,2023-05-09,8867.677906963474,4.4204082193190155,3.3035519928134,255364.19112468735
A00335,H3,2,2022-02-14,6453.354163983047,3.4554976807880333,2.924088637603529,38891.08423555417
A00744,H1,1,2025-03-12,8847.97866065446,4.172640940580293,3.3239768638421574,239887.6262002854
A00355,H1,1,2022-03-27,8380.20123621911,3.989885092654041,3.35191379654347,107867.5107160624
A00260,H3,2,2023-11-14,8633.126180070132,3.8817524671973285,3.1073453505175754,152411.86566133806
A00524,H1,2,2025-09-06,10467.161822959397,3.5996771418108637,3.553045517716844,109076.49132211518
A00083,H1,5,2024-05-16,9070.182281410165,3.3980757850562666,3.2191183881610574,58850.7956106867
A00217,H2,3,2023-06-10,9644.116414413298,3.618652119498006,3.136872748575378,238729.7398314758
A00370,H1,3,2022-05-10,9423.120740183114,4.099834083118622,3.2675344143324008,241797.86292352038
A00625,H2,3,2023-12-30,8544.105925407624,3.965520383645438,3.3670448210041055,214169.57569904896
A00206,H1,4,2025-07-18,9206.503644095934,3.943263079608544,3.137751875933522,152116.77519741567
A00494,H2,1,2025-06-04,8194.955123407712,4.098404642964094,2.859289226236826,44798.45880598558
A00451,H1,3,2022-01-08,9952.857424657339,3.5184009741703623,3.245817932046934,499067.29198506294
A00681,H1,3,2024-07-09,9315.724593933572,3.317700527699995,3.2963752757658087,249117.62118930946
A00129,H3,4,2025-03-17,7951.429818520891,3.558662201297809,3.259626692827942,42948.16833635941
A00312,H1,5,2022-12-01,6968.6072309819165,3.600895343499402,3.4719223481384853,28327.660373380797
A00452,H1,1,2022-06-12,9489.99496787126,3.6812215119641345,3.32271172373241,210589.66945946406
A00585,H1,5,2025-07-10,7934.290229401334,4.147603390823436,3.113108407347154,107144.97196750327
A00417,H1,4,2024-04-27,9985.060884183027,4.091866568231253,3.3027280882295127,57817.80398033116
A00358,H1,1,2023-11-05,7568.415276903574,4.069135901020379,3.2986171781555114,192062.001306833
A00276,H3,2,2022-04-21,9480.651438067945,4.477686381804581,3.211515179543712,92935.49365947017
A00107,H1,3,2022-10-07,8571.999101021845,4.427461105522519,3.308831824669844,96666.22499212697
A00428,H1,3,2025-05-21,9603.437969755769,3.990568217978623,3.017461191718296,185343.6401667273
A00004,H1,5,2024-09-15,8650.017691009769,3.747415006663722,3.2042867179513994,119575.90696485953
A00428,H1,1,2025-08-19,9327.555643201202,3.755078368714359,3.317850601425167,76282.42324382527
A00160,H3,1,2022-06-24,6562.470337276331,4.007280267766513,3.3228739157744274,57252.570776358305
A00567,H1,5,2024-12-25,9783.274786693346,3.8943153417372134,3.3024216550325285,363144.97309312684
A00351,H1,4,2023-09-18,9256.61196508397,3.4119753568182567,3.266952950481816,317313.4090492412
A00366,H1,3,2024-12-03,8786.113002085125,3.6820219940800802,3.5159308541506062,108321.16908946692
A00253,H1,1,2023-01-22,9316.332110253983,3.804375039337434,3.353598371799981,64376.17664050186
A00781,H1,3,2022-03-09,9700.531693999736,3.7270860962586285,3.145482747505795,227565.39805821455
A00292,H1,5,2024-06-22,9791.039669353437,3.7452878140187402,3.651351731453719,58549.76311855129
A00501,H3,1,2023-04-22,7320.433343890052,4.3573184026389935,3.4291882509301574,268625.62945017824
A00680,H2,2,2022-06-19,9494.181719775524,4.150296568758474,3.2826365592150557,86814.10602000244
A00433,H1,5,2022-11-10,9735.310610226219,4.036374726631245,3.2012329365715946,85904.97932301064
A00658,H1,1,2023-12-29,8618.011772771517,3.7400030738675722,2.7179886116178875,70969.11712044253
A00416,H1,5,2023-08-01,9524.284147202003,3.5023286425061855,3.5089669868246616,137581.80670768756
A00489,H3,1,2022-01-24,7704.388538682843,3.65169495378241,3.191401897926484,203684.91045262042
A00376,H2,4,2024-12-06,10440.165527796944,3.7714475270555408,3.6639260367467177,158393.24485405436
A00242,H2,2,2024-12-01,8352.10328561089,3.586560194353147,3.332747071902698,271447.0898609502
A00538,H1,1,2024-10-05,7276.583671110171,3.4932158994534395,2.9318280196709114,160184.53746213758
A00310,H2,1,2022-06-05,8216.419342569006,3.7593002508418483,3.627279775040579,62574.168322871665
A00598,H1,2,2022-09-28,9705.204564094885,3.9908282683791056,3.2706251986642982,182838.16499534977
A00136,H1,4,2024-10-25,8182.894522242488,3.932091993207884,3.282173373391539,103633.37611156469
A00287,H1,4,2024-01-24,8715.766403665624,3.7615963145965887,3.051282045633101,182055.89813883838
A00466,H2,4,2022-10-10,8492.864687498297,3.643849147946205,3.488526411197471,182876.1707925258
A00359,H1,2,2023-06-21,7639.480204548394,3.8392166025897727,3.6095525520048573,162396.8771121761
A00293,H1,1,2024-08-17,6756.368465581829,3.429418379552243,3.2878524323955065,97681.22366019429
A00243,H1,4,2024-05-30,7962.134816061363,3.532996520789,2.7550583164664966,130341.76622614205
A00666,H2,5,2023-05-07,10141.975463154207,3.757402894160972,2.865755139854166,217240.3278642788
A00369,H1,3,2024-02-17,10730.4151789701,3.5587929758847396,3.611575969513325,84350.32333265564
A00158,H2,4,2024-11-20,10437.645321874767,3.7347750442497873,3.4011860689239035,172916.4495614558
A00796,H1,5,2024-04-10,9284.196687806056,3.404815473109132,3.105416783448693,208794.461717926
A00173,H1,1,2024-10-19,7987.33150823255,3.7586326014714433,3.002335554051721,102885.0791808588
A00047,H1,4,2022-08-29,10159.159368420605,3.8135473854777957,3.1794328367432683,163136.92540236365
A00240,H2,4,2023-07-30,8534.436250890916,3.509131550051932,3.2791707206313174,232401.0860980774
A00189,H1,4,2022-12-13,9341.07353932904,3.9353771713842005,3.247671021741354,62707.16567128302
A00673,H1,2,2024-02-23,7667.503583696233,3.9364316449503947,3.4641319609517756,136841.01375048084
A00457,H2,4,2022-05-02,9265.198846260793,3.394771620422962,2.8280182044846027,264091.2730992218
A00139,H1,1,2023-08-19,7282.782865054793,3.8065405749763457,3.1186761050555836,188183.5644103112
A00384,H1,4,2023-07-07,9795.833361872159,4.244442051232971,3.0578331215719206,145136.4558006019
A00776,H1,1,2022-06-29,8427.484549110623,4.189530273966815,3.3414542389358317,168644.52764529022
A00161,H3,3,2025-01-03,9169.721090225943,3.736906468753879,3.242335848212,157243.33622974734
A00019,H1,5,2025-06-27,7716.189320453225,3.9310031310474947,3.113165784048597,212104.02549198316
A00180,H2,3,2024-12-07,10280.82323760918,3.848105279442045,3.453769411914552,36746.99882958571
A00058,H1,2,2025-03-20,8597.681497943762,3.6423075295986655,3.2762688929460593,148474.40114093327
A00694,H2,1,2025-07-08,6688.969914803096,4.043454767929327,3.2514907437924268,132736.5288550615
A00788,H2,4,2022-08-09,8662.167894018914,3.962098502809678,2.9814209496148614,154889.2029546953
A00600,H1,3,2024-03-08,9723.404605430827,3.6764653597135832,3.1588115147251834,321939.9235621071
A00620,H2,4,2022-12-13,7728.55637354184,3.897118550212885,2.933233172614816,235500.53226382023
A00419,H3,1,2025-09-09,6723.733215440529,3.7743344772398415,3.5736917861661515,306577.04014783865
A00178,H1,1,2024-04-22,9139.905066862339,3.675329891003792,3.2339223275138678,57501.087975090835
A00701,H3,4,2023-02-17,8742.405933213302,3.3962372773538028,3.4279357353132633,186671.48680399105
A00748,H1,5,2023-09-16,8183.543328395073,3.7155471634107147,3.4711157462104274,102200.16165949166
A00177,H1,5,2025-03-30,9723.002807014624,3.8146511244640493,3.407150188016694,108825.80571354722
A00288,H1,4,2023-12-20,9083.66491348287,3.5377350073304865,3.323838162822319,113428.69427059956
A00694,H1,4,2022-11-12,9633.87544329951,3.5680117441235826,3.161187758731118,163283.34067749768
A00298,H1,4,2022-05-21,9322.936802910084,3.914951964201377,3.434485904762572,135946.74036614283
A00381,H2,1,2023-04-24,9061.749791894094,3.7717078975677754,3.067716906750131,161837.5930368621
A00543,H1,5,2025-02-07,8217.151203831565,4.111828821518439,2.998416490638687,100787.51099309046
A00136,H3,1,2022-04-12,8184.428903641892,3.564867446124696,3.154730984794019,156741.89675716244
A00030,H3,4,2023-02-26,8773.29652653856,3.4395053160899964,3.15702806641105,259669.51504014875
A00511,H1,1,2022-08-21,7809.443741548132,3.8778376073495275,3.1800460274079727,363970.0168966705
A00640,H1,5,2025-07-28,8514.709572494045,3.705750907155616,3.306487423619282,111674.32716238449
A00549,H1,3,2024-08-01,9039.735624464603,3.6859072766129723,3.148185025296093,290078.1088059348
A00272,H2,3,2023-09-02,8196.352230466187,3.817604781831822,3.038283943004182,94073.06216600403
A00489,H2,4,2022-04-12,8449.886764787423,3.7639289053699363,3.0309906846904466,248616.48036509278
A00265,H2,3,2024-11-21,8895.700640379977,3.687153887258901,3.262963175545069,68953.37719698192
A00190,H1,1,2024-04-28,9144.8357481884,3.513299362805108,3.287920037990432,76537.18234568222
A00799,H1,4,2023-07-16,7357.857466981222,3.604146005335242,3.373797003687977,310556.394329098
A00413,H3,3,2023-09-09,8985.252289924018,4.053878804120732,2.9514995981951957,149290.27794939806
A00517,H2,3,2024-01-08,9034.327455356299,3.718173642436244,3.223346967181404,106970.4297553172
A00587,H1,3,2024-05-07,10259.505133736928,3.7738933092858327,3.1762631928937597,158546.46692140368
A00123,H3,2,2025-07-16,8686.319737841619,4.040183576898616,2.898493204591315,45894.02673845308
A00401,H1,2,2022-12-09,9579.214340294604,3.7344682312068884,3.3695836613631878,262491.4735765316
A00088,H2,3,2024-09-15,9798.725030628602,4.105432166554398,3.3660205141571162,88486.48581300654
A00688,H1,5,2023-08-26,10539.627012729994,3.63097251894301,3.209238174782055,234862.09797743958
A00769,H1,2,2024-05-21,10149.206413080963,3.87199072408275,3.28952528689239,128433.5632447225
A00438,H2,5,2023-04-02,8571.394645243547,3.8027463783818813,3.4082117249861605,61081.64378808878
A00789,H1,3,2022-05-24,8816.581684506775,3.7538624724955203,3.3690480741805073,102075.18622793407
A00608,H2,5,2023-01-12,9545.923783560518,3.9187820168370022,3.12545193468857,135564.05266976828
A00018,H1,5,2023-12-12,9825.80232271577,3.5788473443909403,3.504252352592981,277298.51516761037
A00486,H3,1,2022-01-16,7766.262601082143,3.9696309878500067,3.183259929496829,172772.76197400506
A00718,H2,2,2022-07-12,7989.117750202874,3.5338818134684566,2.9208888439405296,232416.85949497245
A00580,H1,4,2023-05-08,8297.819949500325,4.03121366788905,3.50597914298624,114040.00474504316
A00288,H1,1,2024-01-15,7793.8669025319905,3.8999087544778783,2.9689834740060017,207753.07369380485
A00516,H1,5,2023-10-13,8081.200008429477,3.3109942393625045,3.202045563866468,105813.58708447528
A00461,H1,3,2022-04-24,8916.695781657909,3.7113568985898877,3.4428348170073306,215378.61090011045
A00142,H1,2,2025-06-20,8494.51381721065,3.8580925251817573,3.2765180194875647,113152.15178467215
A00157,H3,5,2022-09-20,8800.087583982167,3.070710029825733,3.4642550266318213,24096.238630306125
A00441,H1,4,2024-02-22,9472.63107862416,3.4834535043826143,3.0531273288909992,277765.9192443968
A00147,H1,5,2024-09-16,8032.420563275998,3.704221231924327,3.0668996186017043,252237.3261124132
A00408,H1,2,2022-10-28,8958.370824040689,3.6342035844139304,3.4828317943226867,66724.74163661708
A00758,H1,5,2022-10-01,8490.455086444414,3.649595289807887,3.020568687637209,158781.87578044436
A00682,H2,4,2025-09-13,8667.554976910555,3.349285950895529,3.1146110437478463,86936.11694409863
A00249,H1,1,2024-10-29,8745.655567066951,3.405900425914426,3.132286635945354,170684.50835691686
A00604,H2,1,2023-09-04,7038.405214542092,3.728408466033706,3.1445107048043996,165542.45535187947
A00552,H1,3,2023-01-06,9059.671357837316,3.971273467124278,3.2929099074707366,142233.05248230326
A00123,H1,4,2023-07-22,9318.626718033089,3.7733256780435154,3.2688442053798625,415128.16500055767
A00245,H2,2,2024-11-06,9135.273624770825,4.193770706902183,3.3379603344041153,166169.83059093586
A00087,H2,1,2023-06-02,8170.398007558718,3.603505848017161,3.197822389214523,168960.33622299996
A00606,H1,2,2024-10-07,9653.20808159642,3.986330815491765,3.2916988799625733,267665.37235553144
A00081,H2,5,2023-01-25,9256.89240359627,3.777114995145448,3.1544520709366637,566301.6368651303
A00590,H1,1,2025-08-07,8809.111923307011,3.4988021130974176,3.452082085821473,141757.59889356385
A00438,H1,1,2025-02-27,9431.231695563434,3.5338645020130213,3.56989291124639,222719.62983296745
A00015,H1,1,2024-09-20,8646.17837545391,3.8429792312239917,3.131145979116042,212670.82710617478
A00757,H3,4,2023-11-19,7956.685357870701,3.8324824635415182,3.237436218562815,67393.64346454888
A00131,H1,3,2023-07-21,9818.987777820228,3.7304792355615435,3.4854843892383838,111559.08586377342
A00685,H1,1,2022-02-12,8937.262061904119,4.0342091327300125,3.166739971061576,272753.43669404904
A00406,H1,4,2023-11-25,10077.873687920543,4.3291112191838526,3.112580922884081,65571.80116782697
A00285,H3,1,2024-02-23,8508.402858477377,3.825564164911854,3.0478677311607165,237639.7021436722
A00452,H1,3,2025-07-28,9941.702275044296,3.9957770339144356,3.161285241598799,50628.127507485515
A00191,H2,3,2024-09-03,7818.528023079503,4.230589985498912,3.299115253244639,188377.48383832604
A00661,H1,3,2023-09-08,9486.038448735688,3.982673484506183,3.214719226387897,122161.4535595385
A00491,H1,4,2022-11-25,9248.434234349479,3.864124172998308,3.0184965933924177,146929.1319676911
A00335,H1,2,2023-04-13,10062.46024269102,3.9467646823489355,3.0423385150480433,164960.18213696408
A00263,H3,2,2025-06-25,8636.574593111798,3.6830059216689266,3.136717992819789,198606.83438666473
A00055,H2,4,2023-10-18,9745.640589994317,3.8236481332394248,3.3912439689037037,252934.09388565784
A00717,H3,3,2022-05-10,10446.273541428842,3.8641646826780653,2.9413925388106983,97743.19653370521
A00107,H2,1,2024-10-08,9362.807175264199,3.538178213404047,3.10633239560413,170283.92298397032
A00640,H1,5,2022-02-28,10290.077658417558,3.8996446551703787,3.3380891090089135,128394.78029317116
A00039,H1,5,2025-03-24,10193.272325841956,3.9887864204862074,3.2579590605220328,92310.66695412013
A00715,H1,2,2023-11-20,9544.137509624883,4.4016313267851,3.1557208998625774,193254.64155432695
A00387,H1,5,2024-07-05,8944.287341594978,3.9310223055800115,3.1062149659192633,121476.45439466345
A00776,H1,3,2022-08-21,9834.407628063109,4.164778712333684,3.232906244093319,122895.47240080386
A00753,H2,1,2023-06-09,7750.70420701753,3.564330021367165,3.418582484054222,120543.28720743566
A00577,H1,2,2022-12-20,10120.697825178191,3.6383139767789947,3.0563969884942574,171608.14970941062
A00207,H1,1,2022-06-15,9365.782492922099,3.664034768226091,3.156123043938451,85137.12392257868
A00471,H3,4,2023-09-16,9777.454957182015,3.958355385256837,3.358898807622197,317019.1387884351
A00719,H3,1,2024-06-15,7398.1755227885305,3.5872950944043267,3.056035015431332,125316.61509975989
A00758,H1,3,2025-05-14,9894.772891455472,3.9702571661909136,3.3413911212948855,215387.64531834313
A00094,H1,4,2024-03-16,8116.911710168655,3.5994060635584453,2.9367094619749934,151568.25803774656
A00525,H1,5,2023-03-15,11301.080466478845,3.9872457185192274,3.3806977050603404,85797.61435018807
A00376,H1,2,2024-06-28,7837.924036197895,3.804923244287616,3.252532974917231,131834.29520523179
A00309,H1,4,2024-01-01,9444.26939701565,3.8727000059025114,3.3588624848591024,286904.38790495094
A00240,H3,3,2025-06-02,9547.014966191507,3.6914498916852785,3.392270825853911,269990.42591344594
A00635,H1,1,2022-05-08,8081.521464470693,3.8534745523331275,3.252029985391359,141428.05647442242
A00065,H3,4,2024-03-29,8308.329908654816,3.821498370186906,3.1070721624942066,77543.59439936352
A00504,H1,1,2024-02-01,9326.03689566195,4.396465941604406,3.2999121156179525,200674.53249142724
A00017,H1,1,2024-08-22,7711.738227044283,3.589013982132839,3.2429621941810205,142098.41004727263
A00564,H1,2,2023-02-05,10722.598200575852,3.64850159779205,2.9991389528140893,264063.9917156254
A00486,H1,2,2022-04-10,9027.57449725176,3.836323890787682,3.4598209761790875,80534.53584848104
A00583,H2,2,2023-10-08,6758.414952006685,4.058446541984725,3.037158897002841,183063.40901419663
A00449,H2,3,2024-05-16,7301.555279464453,3.603805188211002,3.2748769232835904,133439.38935513026
A00719,H1,1,2023-01-29,9343.35333080987,3.7964312643613836,2.9176593379983133,114130.95815023592
A00675,H1,1,2022-02-06,9636.499304932728,3.88171674407396,2.6985196240637688,69670.86861106394
A00323,H1,1,2024-02-25,7078.566409844388,4.158811847077568,3.252404006477861,291080.4203174963
A00246,H1,1,2022-05-12,9480.517203287009,4.419357612139025,3.424781140472654,58115.45895301023
A00552,H1,4,2022-04-05,10882.01415805561,3.7433487542352246,3.459690000133863,261721.44046515817
A00793,H2,5,2022-04-14,8819.694966512516,3.677444462490306,3.0897962650425517,28589.227633222225
A00072,H1,4,2023-08-07,9038.543288586186,4.333845295882277,3.252407646288855,325464.2833988723
A00321,H2,1,2025-07-17,9479.173070167606,3.8139848375331,3.3393017274559815,186874.08620989538
A00042,H1,5,2023-07-28,11222.843864707815,3.7824007644761393,3.3255036807135845,319035.59020996914
A00557,H1,2,2025-03-30,10164.882539031556,3.2951314353442367,3.5145887015694215,166055.0926637921
A00293,H2,5,2025-03-06,7682.6694479604,3.8651885960352916,3.2439513808078946,111688.1707393194
A00237,H3,4,2023-01-05,9761.741705024477,4.010984222888339,3.5163031858933946,133832.93794168287
A00036,H1,3,2022-01-15,10481.632798020088,3.607549901221231,3.2182541289119206,99044.91640409648
A00404,H2,1,2024-04-17,9051.184745206334,3.790687686861968,3.2855601308549507,73664.76115028387
A00478,H1,3,2024-01-31,10093.32541941535,4.152316142106344,3.5328404468948262,384765.6259292115
A00727,H1,5,2022-09-27,11379.130777794882,4.220024800928479,3.4514914891597086,118861.92445741517
A00430,H1,5,2025-06-29,8318.009308789982,3.790390912254924,3.229339969179654,390091.9761379858
A00123,H2,5,2022-05-26,8388.43738266496,3.8106577561094364,3.234393153848418,127282.99271586434
A00055,H2,5,2024-03-13,8624.898500800107,3.971009478279345,3.139464740438014,57131.250920628976
A00153,H1,4,2024-07-08,7809.489325886905,4.026492436674704,2.951220181344456,180533.2299374456
A00605,H1,5,2024-02-22,9060.470115979633,3.804175610893185,3.134042514930439,213547.06664136905
A00277,H2,4,2022-09-17,8377.77487473751,3.583515029041928,2.9534506661714612,178586.87916397184
A00514,H1,5,2025-04-10,9015.592132554008,3.624741492686262,3.5336219665907187,53999.140348226414
A00012,H2,4,2023-06-05,8617.619112017022,3.641978544297772,3.3609223713795964,37128.14903172706
A00475,H2,2,2023-12-13,10433.917264584956,3.691067477958315,3.2681686225123276,296162.668061032
A00129,H3,2,2023-06-07,10421.720890971683,3.4194501812021425,3.434964592699688,81422.03809876041
A00405,H1,5,2024-11-23,8318.84422197674,3.604224518085431,3.299754585565676,272587.28943032684
A00774,H3,5,2024-06-07,7704.26115961963,3.9849231271032304,3.3974817574707545,715377.9992998422
A00418,H1,4,2024-07-24,10213.351229085078,4.054776042228034,3.153684312392192,117770.48498784193
A00480,H3,5,2022-03-18,8774.646275001893,4.048984671205564,3.1411722490876826,49660.24019596125
A00426,H1,4,2022-11-15,8275.817729163702,3.811347310345022,3.036001572352431,98394.24516018994
A00796,H1,2,2023-06-30,10100.916518532891,3.8540323538190004,3.167015269495449,115664.7245058927
A00451,H3,1,2025-05-20,7216.757017352166,3.8091201889035577,2.8843084776406553,170317.36755670395
A00412,H1,4,2022-02-18,8956.279814846866,3.904360103825815,3.243551545600128,141239.45235285195
A00767,H1,2,2023-11-26,10149.822517859107,4.194434059068686,3.249594955989252,244649.09960747967
A00356,H1,1,2025-07-07,9662.68659251588,4.402660219348309,3.2280249001651495,40249.96762883933
A00236,H1,3,2024-08-06,10080.212057864226,3.912228399668757,3.431560304071871,200598.89311581894
A00653,H2,4,2022-06-07,9604.787667278753,4.026314850373488,3.1947171268445587,104559.76346932875
A00598,H1,3,2024-06-15,10477.125607821743,3.8809350036028474,3.1444271828344066,150991.7243442311
A00381,H1,5,2022-08-06,8991.525535500596,4.295573448176178,3.211516564867008,50924.7004061973
A00496,H1,4,2022-09-24,9338.337057214996,3.7571455659794823,3.4448233473625125,108358.50862380446
A00161,H1,3,2025-03-16,10023.189281576497,3.806257990821455,3.438215221637668,89248.94455139583
A00615,H1,2,2023-07-11,10035.55309267273,3.970060288127941,3.323391106531247,123755.89876414287
A00418,H2,3,2023-11-03,8851.174137843245,4.305159924693958,2.937704305231822,202453.0801373227
A00026,H1,2,2025-04-28,9288.903121508214,3.32874292583003,3.3200267662780774,119415.91180534576
A00109,H1,3,2023-05-31,11144.324386270084,3.9397391101628676,3.258290464943881,332795.8592238878
A00689,H1,3,2025-06-29,8861.220604594086,3.90033621330373,3.3291129059724573,50646.24606501326
A00048,H1,2,2025-09-21,10628.882143304814,3.8957286825321757,3.236820701682912,188556.58134710978
A00066,H1,2,2023-09-28,10439.898158335422,4.193085585716629,3.071600863194277,268119.98266304407
A00661,H2,4,2023-01-28,10187.625475492458,3.820679550465797,3.5038291591543484,180599.70326890377
A00691,H2,1,2025-03-04,10419.606611623023,3.9174562308012413,3.378339536562118,57152.53849527033
A00054,H3,3,2022-10-13,6982.028570352834,4.0595724822459545,3.1521190952165097,349822.36099329946
A00316,H1,5,2023-06-24,10386.808756223,3.625626757286334,3.071287574589891,133317.8653529575
A00486,H2,1,2023-06-18,9087.409968385535,3.649255421858249,3.179399317674349,49232.25769831527
A00374,H2,2,2023-11-17,9799.92951841587,3.60719245844134,3.5483277016418495,99474.5347839066
A00524,H3,5,2023-01-09,8034.039508022437,3.7612167172048516,3.4935532439575705,361534.3239840403
A00123,H2,1,2022-12-16,8330.070485877579,3.5534399723708505,3.239976690523001,150479.82324245872
A00189,H3,5,2022-09-03,9409.071060954182,3.7176976504102477,3.211488434105054,223455.13939796967
A00133,H2,4,2023-12-31,9120.884161367707,3.5576503555653445,3.0777693916816635,357405.3285126003
A00407,H1,5,2023-04-28,9741.252539165327,4.44816918075456,3.05967038596061,48035.80134070939
A00137,H3,5,2022-11-06,8319.056460502918,3.6535204473871037,3.298269300571957,84801.52870227255
A00414,H2,3,2022-12-11,8602.419793399877,3.713154291600367,2.99281322183927,116407.70234035529
A00285,H1,1,2023-06-23,8484.920995745422,3.845024582273353,3.1319661767621834,227073.2910917774
A00028,H1,2,2024-03-23,9482.331059126287,3.9413718362596257,3.5318403156165856,203533.58332827935
A00369,H1,2,2025-03-01,10781.33016063327,3.794600957500474,3.42921426510121,99143.26937511358
A00142,H1,2,2024-11-21,9159.796738707593,4.1717105656613755,2.9062426769656695,69612.01742221433
A00398,H1,3,2025-04-22,9558.231162177497,4.199784095424022,3.4217826992365055,201905.35777400763
A00454,H2,3,2024-10-25,9890.086555640424,3.5219889364101995,3.4003678589024013,305613.36664809135
A00736,H1,1,2024-07-13,9017.574734390748,3.1346204074748316,3.304406479327383,140137.33350450924
A00176,H1,5,2022-10-28,8095.417559722047,3.814649332293655,3.2621599871345484,160709.058641342
A00604,H1,3,2022-06-10,8794.911648415222,3.8939251140412123,3.4821873457512833,52977.558318795374
A00610,H2,4,2024-09-03,8206.505388960039,3.757612321074889,3.581426010596843,70244.15327793619
A00432,H2,2,2025-09-15,10461.982348252463,3.684415073619678,3.245384969137419,117797.32104819216
A00428,H2,4,2023-04-07,10651.884891096968,3.586765545551932,3.3665633385511033,91078.48711009024
A00799,H1,4,2023-03-27,10843.267361208631,4.111513062761975,3.165424255140477,135716.7310574589
A00161,H2,5,2023-07-27,8460.726207838748,3.3952320449704585,3.2704975349455623,286586.6912481046
A00032,H1,1,2025-06-18,9044.448659666445,4.037537065808083,3.4069555899494213,98884.86058876746
A00780,H2,5,2022-03-19,8607.01657786111,3.6264891690355894,2.9221569384535653,429329.12967853004
A00373,H1,3,2023-09-26,10371.621067750692,3.99417709038585,3.2060208060676847,135962.1898974868
A00396,H1,2,2024-04-16,9275.273712496539,3.9663741935415695,3.0680435947858626,369939.4432123775
A00037,H1,2,2024-03-15,10651.605823543281,3.946192136051248,3.2670045985275347,150975.34495047448
A00499,H1,2,2023-03-03,11006.80967731469,3.8228658418287105,3.108556671511101,110041.40851253872
A00653,H1,1,2024-10-20,7996.462861560428,3.990082294558064,3.2036461841962374,211590.49434079658
A00419,H1,1,2025-02-16,9631.578718686342,3.604522538512299,3.0960052384764563,160109.28059061497
A00100,H2,5,2023-09-19,8954.576907284356,3.4559891671067127,3.135820421165402,120539.58958644576
A00116,H1,3,2024-01-06,9238.890329521966,3.4843856537864615,3.3903765302540996,235652.57826448808
A00001,H1,2,2022-10-31,9595.535066379816,4.018994713951731,3.0643836276808747,150827.86851949364
A00155,H3,1,2024-02-19,6553.740407698531,4.423481751431997,3.085259370192402,270166.72561301134
A00495,H1,5,2024-05-02,9914.805448405155,3.8231165639334836,3.3497794008338304,172265.80735519098
A00343,H1,5,2024-07-01,10284.736410373725,3.9950989912146504,3.38172641097776,100673.56881473325
A00520,H2,5,2022-07-24,8265.719159846678,3.9965498171632285,3.4256771290529295,136668.34075428455
A00658,H3,2,2025-04-16,8153.884962216076,4.193844162358885,3.2390168768148864,161795.69736327624
A00028,H2,4,2022-03-24,8076.211011733707,3.958217080889322,3.108987810298608,940445.8125405266
A00274,H2,4,2024-03-01,10749.873402016485,3.816147414235805,3.3530036356337094,49625.60069508924
A00167,H1,4,2022-04-28,8073.62659319389,3.8792450585059712,2.846291028110122,67851.24357724958
A00105,H1,5,2024-06-27,9587.06482818539,4.073449686483864,3.3854290718882822,297413.36357875774
A00227,H3,5,2022-07-30,8866.1304301925,3.8354141743477563,3.178505024214927,122875.26971400056
A00158,H1,2,2023-12-19,8862.122724453187,3.6844387951688513,3.032128228999098,269869.92909736396
A00010,H1,5,2024-01-14,10075.427527843007,3.7098877975514064,2.9968298871377983,276820.3300137007
A00205,H2,3,2022-12-14,10270.633813934981,3.8050093227165775,3.0341589172938583,207880.105275307
A00103,H2,2,2024-09-07,8914.13410576328,3.2412411255253333,3.314325694988021,481734.9032311276
A00575,H1,4,2024-10-17,10229.69019106072,3.669501365065822,3.2903720918950463,69885.89473748054
A00194,H2,5,2025-01-30,9807.45486216035,4.0001797804174135,3.299827551279548,66711.83965645568
A00660,H1,4,2025-03-15,10851.613332853847,4.11409639650772,3.1140605045049363,28988.9702293932
A00784,H2,1,2022-04-26,8120.991480631001,3.612318845433722,3.545678852818522,320451.6033560437
A00607,H1,4,2023-03-11,9991.213964313303,4.2500118203299015,3.3260441363627007,231887.58664599768
A00712,H3,2,2022-05-06,9544.64654297142,3.726357811334597,2.797102864760902,41835.0108418431
A00091,H1,3,2023-07-23,9793.587290312144,4.337735870671673,3.0215638693252336,147551.20699301467
A00114,H2,2,2022-03-30,9325.344072822583,3.4000126664789136,3.503783119109505,99650.25071166274
A00575,H1,4,2023-02-17,9699.110822500757,3.842314041934867,3.1448747200200384,161113.59121626124
A00148,H1,2,2024-10-23,8105.693474948308,3.6539353727712047,3.227492005145221,104019.24961460332
A00632,H3,2,2023-10-30,8348.761561244233,3.8648219103837267,3.0121544671038514,114708.22598713136
A00079,H1,5,2022-10-23,9314.276163192806,4.1959300902982495,3.3653312398365256,398248.4663361928
A00132,H1,5,2022-04-08,8808.835719075581,3.547486787577741,3.6695844408804525,245256.312625319
A00357,H1,3,2025-08-12,10187.891695164186,4.341531867843897,2.9713900901068158,127921.81143447546
A00527,H2,2,2022-04-30,9032.645540571684,3.9849078012466403,3.67475894817933,121351.23132371307
A00488,H2,5,2024-11-07,9630.333486333713,3.658321743672462,3.1364269125162165,282859.0893757632
A00640,H3,5,2022-08-21,6506.966840737553,3.493652050132723,3.5202224554888977,190908.1197628189
A00733,H1,2,2023-06-19,9554.617188609462,4.033933340070041,3.0055125889254177,90564.81759766399
A00565,H2,4,2022-03-23,8290.91323085516,3.88928216906783,3.446485051487945,200883.7580050827
A00541,H1,4,2022-12-16,8797.563303482411,3.8320003518900525,3.4767470535184732,139661.0185047504
A00122,H2,1,2025-01-15,8014.908061560474,3.921325820765785,3.3441118769348255,255705.19588750487
A00217,H1,1,2022-09-18,7663.982732140362,3.6241163883559318,3.2363611342372316,114426.20069218578
A00587,H1,5,2022-11-17,8557.926480770182,3.7710526284612484,3.4621211530572995,169047.22586017876
A00721,H2,3,2022-03-19,9233.760894490957,3.8010332206637165,3.296168556119837,194763.8245561078
A00373,H1,5,2023-01-07,9511.017146832583,3.457225564357345,3.388725780777057,320925.6353062001
A00662,H1,2,2022-01-02,7954.065486517617,3.5352983850789155,3.4386453239711052,113384.57855775738
A00387,H1,2,2025-03-12,9264.231719590396,4.034831506418725,3.0408879953918175,87131.29913924153
A00046,H1,1,2024-09-05,9632.223345322021,3.683734569909594,3.4187278540455366,93704.84711108121
A00433,H2,1,2023-02-12,7844.051227629738,4.30331161369865,3.3564377311934472,81534.42930086977
A00790,H1,1,2025-04-01,9847.378123801242,3.832321102068884,3.258038490573424,236428.80192924474
A00608,H1,2,2025-02-04,9824.948300094722,4.153870604124423,3.5408768363491685,239451.99217733508
A00140,H1,3,2023-01-30,9198.679344845827,3.811692259935446,3.1016564701588942,70908.45845858069
A00173,H1,4,2022-12-18,10047.11634520237,3.910661067830965,3.35019099982196,146207.29396018904
A00445,H3,5,2025-06-08,8911.453388406511,3.967104421321502,3.1294573429470036,154738.18403937083
A00187,H1,1,2025-09-05,9658.526272184963,4.116421293680012,3.3467380937609206,489778.3125008011
A00077,H1,5,2024-10-20,8398.912248836208,3.7931176461591947,3.295934803316083,118151.60000985583
A00669,H2,2,2022-02-16,10843.77667006504,3.859787321158365,3.2986873694998358,86941.60421667268
A00608,H1,2,2024-06-06,9034.455435359567,3.655881397962909,3.7309174083562033,128066.40826969391
A00294,H1,1,2022-01-22,9265.94523793297,3.988699130431328,3.3717906193197744,101872.20240348276
A00107,H3,5,2024-02-10,8072.047227494385,3.570572756374935,3.0360900061723113,284053.0417395573
A00238,H2,2,2024-04-18,9989.863128304722,3.3596776488393636,3.405355753248164,166818.63296337952
A00704,H1,4,2022-02-21,8867.709531130957,3.475490056152238,3.1218302500870667,210521.0531024978
A00156,H1,1,2022-08-06,7934.33342907238,3.7606737349332957,3.0048308504465226,63905.423616689244
A00557,H1,5,2024-11-11,8088.070676682547,3.821049122507058,3.4405395069055267,68687.51507583013
A00139,H2,4,2024-02-18,8833.091695766734,4.090873953576618,3.1948836257851214,291002.63124789397
A00564,H1,4,2024-06-28,10040.325924138684,3.930112378461509,3.433758907780445,107945.6620534154
A00671,H2,4,2022-07-07,8258.431375036802,4.054244262059464,3.333939178990675,68066.16521144492
A00337,H2,3,2023-11-04,10035.416447321304,4.156746191806617,3.265366848688466,55353.08214531306
A00690,H1,3,2022-07-05,8864.838694032225,3.8343133290078306,3.360805351815032,62738.84329062654
A00755,H1,3,2024-03-31,8932.238605748,4.067440296791239,3.162748462921181,208119.31603225175
A00629,H1,4,2023-10-27,8383.63964600239,4.128414926685324,3.0965152393657323,175275.73341280548
A00052,H1,5,2023-08-18,9457.349497636875,3.639047505368819,3.007023865786771,253165.77266221237
A00746,H2,3,2025-04-29,8212.963539916635,4.041532420251026,3.1833332902610008,184165.9712224301
A00406,H1,3,2023-05-17,9052.208380256558,3.765642561473456,3.269340766485517,77892.20610287454
A00723,H1,3,2024-10-12,9860.05886882742,3.1626411534903607,3.242992743912729,124313.91293474792
A00658,H2,1,2024-03-18,8201.200777573038,3.7556306282266028,3.182105282537967,47491.263653345595
A00716,H1,1,2022-10-02,7810.362484949887,3.7500699859275586,3.563851936112482,237887.4240070719
A00397,H2,5,2023-03-12,8421.506973137371,4.052274950933501,3.0054020957338574,285599.3610290688
A00552,H2,2,2023-03-27,9548.793560977629,3.6763128923685717,3.3497116310791584,105724.74420282297
A00518,H3,1,2022-08-12,7714.137979321042,3.6896544219085126,3.2772773432377478,208676.98705030401
A00421,H3,3,2022-02-15,11821.99229983061,3.928989619191961,3.3372358320361064,228844.86731583838
A00230,H2,5,2024-01-22,8518.392568555033,3.9619034943048903,3.218648578800184,162970.52388305345
A00318,H3,4,2024-06-08,8272.546005850392,4.0838186829132965,3.389300412563776,57218.72489494948
A00023,H2,3,2024-06-06,10082.817937172053,4.027525373734942,3.3011030802115853,213104.7466011332
A00040,H2,5,2023-07-19,8857.749504121399,3.7913301874953524,2.910596877200175,118172.4848443431
A00413,H1,3,2023-12-01,9379.103474007577,3.9719978427011466,3.055787706331246,56475.67224690433
A00052,H1,4,2022-03-30,10503.765417433202,3.482934060032788,3.2081738969121814,174970.2435739198
A00681,H1,2,2023-12-25,8654.035608695827,3.8662357718876854,3.3256581093597033,246173.81859536798
A00582,H2,3,2025-05-18,8879.340474557399,3.668896276757239,3.0664747885298604,165670.7830055527
A00788,H1,3,2024-03-27,10093.422166993212,3.6179189673027428,3.3374240126542927,69513.74796531754
A00082,H1,5,2022-01-29,9507.974317909371,3.786208956244636,2.973470983472036,61825.1670892224
A00544,H2,4,2022-01-02,8659.461169845345,3.9563029826448664,3.199740234541897,84068.13989459694
A00160,H1,5,2022-04-19,11181.277418119906,3.6827726649991446,3.236773840913728,193699.8240768898
A00634,H2,1,2024-12-21,6874.806777157324,3.6722913602367457,3.056733565710796,53232.615692637424
A00653,H1,3,2024-12-22,10213.526899250211,3.624030177604781,3.203158846498638,49189.96783080739
A00442,H3,1,2025-06-30,8647.607788698118,3.621738229577171,3.4393338748949533,60413.95620147524
A00724,H2,3,2022-09-30,8769.998905609165,4.217780307140812,3.3388177578730653,146412.77551635227
A00600,H3,3,2024-04-15,9210.056139811095,3.7104843326072063,3.0509496672126186,156015.419075743
A00273,H3,2,2025-05-17,9946.671653522382,3.801998507387203,3.2292397009346794,284070.54518228315
A00332,H2,4,2023-11-11,9386.07056865435,3.895207313209418,3.3445172753150674,462625.1797709841
A00483,H3,4,2022-12-01,8394.437968467488,3.8267887682098305,3.019734285008452,205687.18699878853
A00778,H1,5,2024-11-13,8899.582087516112,4.331253200433963,3.606806854026206,154245.1463594229
A00640,H1,3,2024-07-18,9344.629552845263,3.744665681338575,3.4261467154596934,108598.30904670303
A00087,H1,1,2023-10-11,9136.876547260432,4.335216734795467,3.3798205671039625,360580.3420141087
A00570,H1,3,2022-11-13,9347.927604383995,4.043052869338126,3.268327710358594,64267.28279590067
A00243,H1,4,2023-10-07,9843.46374956684,4.365973633914167,3.4952424839200384,48088.55344180976
A00368,H2,5,2023-01-21,8697.853769395828,4.0738806028739525,3.3490780319682614,68386.6932561263
A00276,H3,3,2024-05-02,8870.324475768475,4.084489192350012,3.2533109588028375,111193.59309662695
A00711,H3,1,2023-03-16,8879.13414237621,4.070343698484287,3.3819235403387564,175906.47883691284
A00650,H2,5,2022-07-12,7772.9152191011335,3.5611721227950475,3.1992373932516625,173383.61889746488
A00113,H1,5,2024-09-24,10072.363028568769,3.7921383005778018,3.357044238046633,129608.51307414236
A00597,H2,2,2025-06-06,8113.5646887743915,3.8403811630384617,3.5466601891282985,134544.72523147645
A00311,H2,2,2022-03-24,9757.623653309633,3.4515412119913433,3.137387660847749,286022.0982927425
A00263,H3,4,2025-04-23,9307.225447485118,3.723880548063368,3.3303629838241338,144688.03551295804
A00004,H1,3,2023-08-26,9572.995154710039,3.7719329513483366,2.964591392571954,86345.9447325839
A00749,H1,2,2024-06-17,8354.831662784873,3.464911406037897,3.229810497980095,382736.67267201416
A00460,H1,4,2023-04-28,10203.293270208287,3.5160698726738575,3.4187541259149565,122691.86771537505
A00128,H1,1,2025-02-17,9006.427817351718,3.9380007384844076,3.222274003016344,191208.10883596409
A00732,H1,4,2022-10-05,10344.592585103668,3.6597838137379552,3.3523199750070303,96065.28200804978
A00086,H1,3,2025-01-30,8265.065446949331,4.081713978394135,3.2045099837368496,132119.56819625883
A00571,H2,1,2024-06-20,8981.90636502017,3.828342634506306,3.023910137283753,135464.63418776542
A00142,H1,3,2025-03-22,10542.508375198227,3.552414127957907,3.33830924244206,249922.7415775689
A00610,H1,2,2023-11-19,9302.501971404055,3.697908126023995,2.9083716066697307,183905.1901935627
A00127,H3,2,2024-07-19,7433.589267849229,3.961254172328765,3.61981811703174,157229.31936551025
A00776,H2,2,2025-04-23,8364.861800677694,3.850801733348476,3.106061663986424,108032.53822279512
A00288,H3,2,2023-03-17,10514.039528150834,3.9120355361566763,3.1822129498557725,669330.9384200178
A00002,H1,1,2024-09-23,9757.831042466785,4.092061398092823,3.68520499650096,65164.91970260885
A00390,H2,2,2023-06-07,9907.361386883247,3.388055714723882,3.5142547280797536,240457.97758326685
A00191,H1,4,2023-01-24,9158.801520817664,3.7341388465936505,2.91650898489575,251562.22906868998
A00240,H2,3,2022-03-25,9811.827156233923,3.7336148813426906,3.3090893131745855,102934.09708988163
A00706,H3,4,2022-09-09,10433.753269560531,3.811577491198535,3.0833059527369113,313186.8007275925
A00607,H2,3,2025-01-02,10378.424933305676,3.6368009265385512,3.2270944043826484,135336.65232523184
A00542,H1,5,2024-09-15,9320.01673680965,3.513484668038753,2.9699489059003117,407280.0080442435
A00656,H2,3,2025-07-05,9041.36475611954,3.430673061420667,3.5061571269120915,118487.0333693559
A00584,H1,5,2023-10-13,9335.455380837644,4.0633081657172685,3.3794367482959005,218025.0433290693
A00580,H3,5,2023-12-01,10125.136112383578,3.573265753726025,3.2507753756217688,151345.72953127802
A00611,H1,2,2025-03-20,9543.611341618462,3.4545118706405247,3.2517194115262322,77501.40725148818
A00068,H1,3,2022-12-25,10118.474668328123,3.981674510526144,3.352090727263545,47043.9316706672
A00382,H1,2,2023-03-06,10229.68310195347,3.678265594583538,3.2643410930681616,102584.08181849556
A00199,H2,2,2024-05-13,8844.783605889908,3.5374569700798224,3.298199355548652,72457.77762818635
A00376,H1,4,2023-11-16,10106.621432794418,3.828598175564713,2.9010245271393655,67847.56221197161
A00564,H2,2,2025-07-01,8472.394511030097,3.7585873810789945,3.05883167340762,71849.52872591684
A00423,H1,1,2024-04-29,8172.930517262403,3.980590053458617,3.2082173757108357,134759.5545948937
A00559,H2,1,2024-06-13,8108.914172243242,3.9176125888925424,3.3702756118403734,137330.6050565626
A00106,H1,1,2022-04-16,9585.82030837494,3.961235515636155,3.3319537189149835,177531.47254872843
A00250,H2,4,2025-07-04,10032.9934383196,4.027807001297662,3.2318599751297223,344753.9354706309
A00178,H1,1,2023-03-01,9094.058828390918,3.6660620024374198,3.3762431509020687,827005.9842078313
A00313,H2,3,2024-05-09,9055.545233103208,3.6779950246095163,3.528000906061361,100168.39136646928
A00229,H1,2,2025-01-04,7976.200581702451,4.007951174802982,3.753945499930716,120376.9438056326
A00749,H1,2,2023-02-02,8953.36857127052,4.174836732638385,3.1992347713978098,102672.66117268552
A00350,H2,2,2025-03-26,8851.791348864455,3.7502920992552817,3.0210660667898406,190348.05323276666
A00515,H1,1,2023-01-23,9460.579369196392,3.925762070733179,3.3562577031375502,144258.65310684877
A00355,H1,4,2023-06-04,10525.97253828388,4.037605888600894,3.1708965675975596,66973.4282257547
A00644,H1,5,2024-07-14,10235.363657978587,3.6159196812386765,3.0868424093301106,197665.3509130198
A00005,H2,2,2024-07-05,7417.3420806632475,3.563685862031656,3.4933026471148194,448344.8562814354
A00374,H3,4,2023-07-19,8779.017706916138,4.245306731895392,3.1612835893916076,112674.69709615693
A00286,H3,4,2023-10-03,7270.721329150879,3.7571918139769185,2.9512725691012474,79628.73542619574
A00571,H3,3,2022-12-15,8558.413201995501,3.6128125940047706,3.210281906816569,179702.5878005513
A00672,H2,5,2024-10-13,8848.36652693562,3.775284221009428,3.3226077236548104,176118.92300917485
A00249,H2,4,2024-08-22,8821.918688222306,4.087185587455686,3.1182385720769714,144452.57604281337
A00422,H2,3,2022-08-04,10053.877902701735,4.107994850816255,3.238524232301683,132185.19168398622
A00410,H1,3,2023-12-12,10404.561942180677,3.907752494313878,3.2923521476505764,76363.22162082327
A00692,H1,5,2023-01-08,8630.16095840213,4.207774791397324,3.3007255387630394,212199.79162714747
A00739,H1,1,2025-05-30,8653.518274384825,3.504315457425343,3.2341730663044186,179155.67853066442
A00486,H1,3,2023-09-07,9431.896385281962,4.534876033277076,3.405945922297307,92213.07463326829
A00275,H1,5,2022-09-19,7885.65049407873,3.7629076591914816,3.2664747590629952,48781.05365198639
A00595,H3,1,2025-03-18,8449.342928401782,3.4963329181728593,3.378540474739594,73727.79284133007
A00237,H1,1,2024-03-23,7914.687655672399,3.954342700757957,3.549561985269575,181210.82197801533
A00272,H1,2,2022-06-27,9074.352782431251,3.5470225700046805,3.019832205800163,190887.57566950037
A00556,H1,1,2022-07-16,7478.955086904825,3.9240957550291884,3.1620371375866667,348836.9476381882
A00463,H1,1,2025-05-30,8856.675015852137,3.60472821047093,3.1755510563060048,128171.95495446082
A00044,H1,1,2024-03-06,7609.237171273139,3.2650629710731502,3.0598576365693777,218575.530489252
A00108,H3,3,2023-10-07,8128.30997375778,3.8802615022912086,3.365617086370089,223218.4686574472
A00798,H1,2,2022-01-20,8111.10003735227,4.46157946472758,2.962922452477192,79992.36261262221
A00517,H1,4,2025-07-17,11727.470012429545,3.7310627201718454,3.012323833568006,39192.28808280986
A00682,H1,3,2022-08-10,8988.080923356702,3.905343813494057,3.3211311657067877,182087.1190886309
A00441,H2,1,2022-12-13,8250.27813854812,4.022089381208662,3.3922135989050015,63916.532511395475
A00439,H1,5,2022-09-22,8151.625614491932,4.038812943994025,3.313235741677825,290076.7927078609
A00349,H2,4,2024-04-03,9822.53054887855,3.8170252408594294,3.5164815461075234,160732.87474715564
A00385,H1,5,2022-06-19,9520.662962128,4.025756364761353,3.4726690975316443,145515.53537320145
A00034,H1,5,2023-12-09,9189.969670527873,3.668251406898163,3.6790949868367373,144159.41191820704
A00603,H1,2,2022-12-29,10382.522906050572,3.349296565368542,3.113223773437915,270583.1042707445
A00144,H1,3,2024-06-15,10958.962059402247,3.979247618040285,3.1680788798730397,129924.3885915329
A00663,H2,3,2025-08-16,8218.908438500976,3.645486398303698,3.063750221676746,58698.38554540364
A00109,H1,4,2024-10-06,8799.651887101976,3.924025147405817,3.3062882642694644,128809.26668842403
A00557,H1,5,2022-08-28,9427.48488979406,3.786090073738051,3.185644580460184,66021.66559951422
A00047,H1,1,2022-08-18,8950.0200592016,4.1491569672467525,3.086548762180753,177807.260160187
A00296,H3,2,2024-01-09,8109.565142872858,3.9504739121516104,3.127818128708408,275236.7241091516
A00597,H2,4,2023-08-21,9275.106336707706,4.023804600556545,3.2991978261766373,574749.5001410728
A00150,H2,3,2025-05-24,9136.832229566302,3.9174241798713383,3.0991565475233767,301994.34076657065
A00251,H1,5,2025-08-10,10724.794332112986,3.892738838046876,3.229652733243151,370875.73784869007
A00570,H2,5,2024-11-21,8780.258454104944,3.8488452289846995,3.315126330028897,66464.99270302233
A00284,H1,5,2023-12-15,8666.166755917926,4.008677660522501,3.2195927518615473,168759.06673383023
A00387,H3,4,2022-07-28,9240.428138700257,3.9487381145442004,3.1195767109261765,165278.63157860847
A00511,H2,4,2022-03-10,9229.122186289895,3.823044276881708,3.2227896914757013,147204.45542805578
A00342,H3,4,2024-08-28,8496.548475165038,3.7586830074943904,3.1480859305252,134885.61762577196
A00043,H1,2,2023-08-07,9741.635834309935,3.7145999246415196,3.3529772302477268,187930.73661096196
A00205,H1,3,2024-01-07,10503.276911841709,4.0283651156111215,3.3559724121186063,141398.88229950832
A00329,H1,5,2024-07-18,8675.090435318123,3.8953578494875902,3.3247503442477817,91484.66792115197
A00361,H1,1,2024-05-24,6826.572708601861,3.7951015026853097,3.221682790087276,136245.6529938974
A00512,H3,3,2022-10-02,6349.070081116622,3.6797708334564647,3.1787841602573197,110459.50556255764
A00566,H2,3,2025-09-11,9181.51882316249,3.707346736615034,3.4347141402592354,148232.29115974923
A00706,H1,4,2023-11-02,10109.215837149843,4.4191346723857725,3.2610898623141056,94767.06990302965
A00736,H1,2,2022-04-21,8100.397781532241,3.9875862753512217,3.397188089127324,194883.6991526421
A00794,H1,3,2022-05-14,9147.932944495187,4.312603080593756,3.186697711670107,238909.94323314432
A00708,H1,1,2024-04-21,10209.26363944821,3.857458446781659,3.3505787862527967,209713.93820576445
A00431,H1,3,2024-11-09,8998.235803342419,4.131735785803074,3.4254383843260365,98180.732837584
A00560,H1,1,2024-07-18,9300.033045964245,3.6000038047974003,3.3142082750264716,234802.18189451238
A00246,H1,1,2023-11-15,8365.198634649123,3.6056884422170357,3.433091922571637,94700.85473924779
A00123,H2,3,2022-12-17,8304.760689998315,3.6477242140441697,3.498917003027332,169292.81007273585
A00566,H1,1,2023-10-29,11631.828260031092,3.921280960335568,3.1814875275280543,351655.5146236358
A00308,H1,3,2023-11-28,11387.384610905307,3.8209501789100613,2.938005811963346,118283.52721726493
A00782,H2,1,2023-01-11,7720.926815507528,3.6600749322125465,3.3150156191297193,334806.5739442741
A00273,H1,5,2022-02-11,8233.84663959672,3.518016871501639,3.3459853638184773,66910.2811926622
A00584,H1,5,2023-12-01,8279.408789045026,3.826469733858045,3.3406570517543295,283594.8276614695
A00654,H2,1,2024-11-02,7460.30104067176,3.53227325103887,3.1580421241007532,191827.5219438557
A00407,H3,3,2025-05-12,10136.834519003649,3.8198037619510345,2.9949383956414626,616542.9594945869
A00232,H1,1,2025-05-12,9212.35000299873,3.7581011334599532,3.119036737272149,535735.3478568908
A00723,H1,4,2022-12-21,8662.755719838187,4.169382547935068,3.098236121557885,177790.76351335607
A00053,H1,1,2024-03-17,9180.474866758104,3.6477251832012727,2.8919498371664907,207472.95542278752
A00150,H1,5,2024-09-22,9109.737963228561,4.071926564195978,3.451983043570283,122060.13862172731
A00010,H2,1,2023-12-14,8740.792201674827,3.766730889497183,3.228384655887626,343275.9669181535
A00356,H2,5,2022-01-28,8644.908868176795,4.205743362157345,3.347652779836399,1067688.1339051903
A00683,H1,5,2022-10-03,9477.068043132556,3.9493085132447474,3.6010250171515032,100445.01708593928
A00185,H1,5,2024-06-04,8523.207049138211,4.201939701313549,3.4712784876367744,214945.8220635132
A00752,H1,5,2022-02-04,9342.478138242783,4.01019628356316,3.255604273530096,90154.08922780764
A00430,H3,4,2025-09-20,8579.154436812318,3.853835948322187,3.3401463640383,102949.92845722113
A00613,H1,4,2024-06-16,9259.32014979283,3.9705965593331127,2.919428163572487,93346.14979095286
A00413,H1,2,2024-05-08,11019.259482479745,3.7576361655440627,3.3025262981367356,293561.6138006331
A00594,H2,3,2022-06-11,10150.12043100771,3.632212801217332,3.1640315872000278,92854.4687647172
A00029,H1,2,2023-07-11,8323.314353491132,3.5793232944282956,3.321027895846697,453549.8299513761
A00410,H1,4,2025-05-12,10442.343292723364,3.790125341103313,3.1819086608744427,84399.36101653326
A00174,H2,3,2023-12-01,8783.874445950221,3.697414817137097,3.554616728101206,97724.9244681036
A00733,H1,1,2024-11-06,8912.190429596078,3.7395360544267824,2.9667053925035405,89229.9178776655
A00490,H2,1,2023-04-02,8264.704245275214,3.6351255759566823,3.551962500977574,133983.97186723154
A00126,H1,4,2023-10-04,8750.188592788241,3.7013181640565005,3.251844403123042,150024.31133786045
A00606,H1,1,2024-06-04,6647.855190394379,3.93157473585789,3.256818399008128,153961.92147768268
A00042,H1,2,2022-01-04,9466.409601610614,4.003261052442697,3.15242545650499,84946.65682411542
A00192,H2,2,2022-12-15,7699.514142705348,3.8291171037628553,3.08201940087592,115025.2337706885
A00304,H1,5,2025-05-19,9947.72325401274,3.4071987904020338,3.580641130569222,73369.3671721886
A00644,H1,5,2023-02-28,8700.477115487962,3.8878974612048802,3.1652341460839253,152636.46326524302
A00238,H3,3,2022-05-31,10012.818214089299,3.7797232108626595,3.1627359280895972,107172.42160568666
A00587,H2,1,2024-02-19,8818.07798458316,3.929775749489205,3.214066271558026,75331.13802980245
A00779,H1,4,2024-03-10,8862.259908745691,3.662325515873959,3.40190903276048,120671.10736333404
A00287,H3,2,2024-07-01,9003.373660049607,3.707574813697806,3.14265309982538,40398.45049251774
A00140,H1,1,2025-05-24,8661.807526100592,3.815693324540936,3.38250596720699,59016.03875383355
A00090,H1,4,2025-05-15,10534.001489485268,3.2993268397161586,2.977522907204804,138549.53153176024
A00191,H2,4,2022-11-27,10839.798951251918,3.8781349784956447,3.3354669381153563,99030.34561765163
A00613,H1,2,2025-09-28,9850.125820725727,3.442750608734925,3.537465014773177,167346.88652794022
A00420,H1,5,2023-10-18,8277.904423056245,3.5595249446000468,3.295053581079671,156057.6164449359
A00539,H2,3,2024-12-13,9198.668003000288,3.68360330510285,3.1265907413755127,379513.05082695506
A00369,H2,1,2023-03-16,8012.2989923600335,3.861194070949664,3.2400143170738596,54166.46057825913
A00473,H1,1,2024-06-03,8114.355488486289,3.8087889046050587,3.093966575213796,314893.4676710935
A00345,H1,5,2024-11-24,10406.205677703721,4.139085324224755,3.3877616565045314,63917.86411154147
A00774,H1,4,2025-09-22,9555.851229528578,3.502371891592351,3.216026041657979,61201.26704569443
A00441,H1,1,2022-05-04,9344.994555516765,3.944490656508518,3.5934307288024385,249475.13921314717
A00150,H3,1,2024-07-25,6951.903464923898,3.8832856330187773,2.861515060705373,146692.5387324406
A00395,H2,3,2023-01-24,8410.334875598657,3.906062034363797,3.25347893626013,347531.3386920502
A00276,H2,2,2025-03-25,8088.631684568528,3.90153431367636,3.356173044336749,659942.636013417
A00616,H1,1,2023-01-11,8219.462669974255,3.903028425282806,3.3187042962063305,145272.36901773777
A00170,H2,1,2025-06-15,8840.694203316818,3.796992520025263,3.1933114046637137,643315.9353289931
A00461,H2,5,2022-09-18,8029.600726655606,4.246405187155326,3.4096287391838564,99845.63734224462
A00545,H2,4,2025-07-19,9823.005231650659,3.897326347776102,3.2888257684994713,146274.27677087658
A00680,H3,1,2024-05-31,8053.4323624116705,3.639746021003109,3.5548779233372487,79868.64343217642
A00028,H1,2,2022-07-01,8688.587115876282,3.6661841845599166,3.0754327486128714,182128.8356204361
A00783,H2,2,2025-06-17,7212.275195527331,3.8601053385320223,3.1599613254238728,61424.03743663123
A00751,H1,5,2024-09-09,8481.686989151889,4.250392844473856,3.3849190970067062,81925.19473488817
A00086,H1,5,2023-03-19,9258.679773395334,3.8076643732446582,3.479002995118978,95719.4933586457
A00515,H1,3,2024-06-05,9641.348667225306,3.777773529786835,2.9370132167462324,79589.98739926278
A00751,H1,1,2022-12-29,8760.550048385054,4.1098134024085144,3.036281840368791,130181.17222572309
A00564,H1,4,2025-03-13,10606.847398937261,3.9225333317721884,3.5729617202791455,61025.885482295416
A00273,H1,1,2023-10-11,7680.0056945350525,3.9251786354544316,3.050815151118182,227004.46458442838
A00154,H1,2,2025-03-07,8811.288593511095,3.99117750080329,3.253815755832226,29791.815957095354
A00371,H3,3,2025-04-22,8350.209071659046,4.048738899391666,3.128042797676758,99242.26911977417
A00658,H1,5,2022-08-12,9492.709077571879,3.9655964147125795,3.3924698077752686,70558.70715339063
A00067,H3,4,2023-01-10,9413.99213227308,3.616481632964118,3.3073260520233845,130863.48983282487
A00029,H1,4,2022-02-22,9919.191671886018,4.010538238074815,3.3302671027009216,141045.66826911987
A00090,H2,4,2025-09-26,7790.63855940185,3.877843282280415,3.328781194034759,280712.33623853297
A00620,H1,4,2024-09-25,8971.259407832893,4.040236381470279,3.186442660344795,242582.61128697675
A00196,H1,1,2023-10-18,8243.057998273023,3.9669037066419217,3.3410593116163647,369295.2345157637
A00611,H1,2,2022-12-20,10226.019152881005,4.236474119944662,3.2932128722755745,125840.1933776386
A00108,H1,3,2024-12-22,10353.950777384347,4.067175668807921,3.1852608978398846,182878.07636055397
A00052,H1,1,2023-07-31,8642.470465577295,3.8364812059905224,3.3503313802948522,139942.4950532019
A00473,H1,5,2024-04-18,10658.087676168132,3.56495381821283,3.1722198831184576,159045.6472447215
A00048,H1,4,2022-08-09,8981.20785440692,4.264724291902827,2.743777541168916,82186.61767548924
A00254,H2,4,2024-07-22,8132.270799448748,3.789520504456307,3.262141821892215,249213.62033000335
A00015,H2,2,2023-05-15,9954.287508705682,3.6254368257842846,3.0639992507219747,52179.51426979714
A00229,H3,5,2022-06-01,7540.237571758371,3.8783091318436793,3.0341076713516735,22747.051051415154
A00652,H1,5,2023-10-12,10471.310917323943,3.696614360177712,3.4085662233758556,148301.25835217186
A00333,H1,3,2025-06-16,9699.828712122911,3.6587259682756454,3.280604376565823,130175.75703140949
A00069,H1,3,2024-01-21,9367.478763707251,3.8863732617588274,3.2349119461296465,89128.6410983409
A00568,H1,4,2022-04-13,8945.482286271008,3.4443081674333684,3.1854506763630464,210780.58056073214
A00442,H3,2,2025-06-17,9923.301555490618,3.9988107530184394,3.583515695488943,93544.20487792762
A00734,H2,2,2022-07-07,8679.579602518965,3.939554643886884,3.277273054914636,176959.14039109737
A00745,H1,5,2022-11-16,8314.501866922188,3.5761515776959905,3.5405405061444077,159361.66075470392
A00146,H1,1,2022-10-13,7920.219522224436,3.672760244738539,3.0190333955313413,60970.06785015017
A00064,H2,3,2023-09-19,9367.846249611126,3.8663294200194955,3.116238326640199,139493.5333995617
A00349,H3,4,2023-08-09,8592.440436140807,4.069780944831052,3.2514380756034296,241373.02663666118
A00723,H2,3,2023-09-08,9767.933512393345,3.943836832951892,3.325993599058739,121690.7650886766
A00220,H1,5,2023-07-21,9617.920978133543,3.709775227289043,3.4496963540545704,88315.53137178336
A00033,H2,4,2022-08-30,8706.927190748114,3.8718451774108873,3.277862604014291,28883.398252057756
A00266,H1,1,2025-04-18,8570.793234494084,3.911775641207605,3.4533068163306258,123682.0083896314
A00005,H1,2,2022-06-12,9425.424545705195,3.77705657021173,3.6535308040019774,39103.52973610432
A00525,H2,2,2022-06-21,8432.925074090612,4.0249564580320705,3.3963863821695353,145763.07403669332
A00491,H1,1,2025-01-10,8663.72290352311,3.8030002246207997,3.2954408766266305,235700.64182396833
A00405,H1,3,2023-02-06,8245.279110856982,4.066599350089399,3.2950581927742832,203119.76971475902
A00424,H2,2,2022-11-29,9146.70210492702,4.013596165169592,3.072343643956707,108076.64798717292
A00468,H1,5,2023-05-13,9721.545634073223,4.251590287657679,3.467021166134552,187062.22508941998
A00561,H2,5,2025-02-10,10470.513523516378,3.8500013270545637,2.7729597614863284,122282.21818598542
A00088,H1,3,2023-01-03,10353.829163338867,3.637493958071926,3.014923172898231,143705.78536101195
A00499,H2,5,2024-09-01,7958.8109215801405,3.878291401833087,3.2622345948094527,58945.05405674625
A00400,H2,2,2025-04-18,11074.823562215728,3.9448174529747027,2.939385731473966,23204.412510939725
A00176,H1,3,2025-05-30,9013.499880992089,3.9375531244646313,3.4023112233450155,114681.31540517128
A00753,H1,5,2023-06-18,9713.883787667752,3.985669086640082,3.247419879187856,269086.55583588104
A00153,H1,2,2024-06-17,9001.89077115792,3.707889479070563,3.2381554022070067,156169.81296918474
A00388,H2,2,2022-12-10,8993.478767279368,3.8437048317552014,2.8256522573822833,463664.4295015551
A00787,H1,4,2023-06-30,9181.2634529211,3.681921033419896,3.514550277611538,105546.02671896288
A00687,H2,1,2024-03-25,8091.486535690241,3.738612458699828,3.481092122829274,48265.82236430098
A00228,H1,4,2025-04-16,9063.147510531917,3.4463796864774023,3.1178534056093596,44782.014893020554
A00785,H1,4,2024-09-05,9781.10833723415,3.8968669180431315,3.0694998598697594,59679.24581511271
A00169,H1,2,2022-01-17,10369.82716199791,4.007653090620833,3.11723976446777,152225.83785540535
A00297,H1,1,2023-03-11,10720.182553028417,3.4094999407490967,3.207758173133993,310345.0175427684
A00411,H2,2,2023-02-18,9048.433667690726,3.4010107100984457,3.357151490860847,223722.77272472877
A00732,H1,1,2023-04-01,8977.857859655804,3.6251399401077276,3.1901326010611277,546053.0053337124
A00364,H3,1,2023-01-02,6690.26798886757,3.500247401871247,3.0625978355292176,114898.55662654908
A00564,H1,5,2023-04-29,9948.307259948495,3.575268858602364,3.152563416021583,176590.9353645898
A00512,H1,1,2024-06-13,8445.447150773525,3.906514897275506,3.536691122083522,135303.44742396477
A00352,H1,4,2023-12-30,8276.039534630743,3.5744657426841187,3.0999527410474186,89813.41430464631
A00686,H1,3,2023-11-03,9809.233898725679,3.7385801109866974,2.8751965761466227,156489.5194467979
A00481,H2,2,2024-05-19,11129.229040775706,4.110149136548268,3.3913109652849975,84216.34436870943
A00414,H1,1,2025-03-09,9334.612330029933,3.939227212303926,3.0541045972501553,307576.9560625575
A00682,H3,4,2022-09-18,8558.589317363054,3.8703016139807263,3.4251026250584333,122504.70681427188
A00141,H1,2,2023-07-31,8129.095362443999,4.130639967537337,3.4652771521087185,182068.10717793184
A00197,H3,5,2022-11-05,8950.970545871265,3.572172127816582,3.5616571751858217,206937.36303096026
A00439,H1,2,2024-08-20,7843.269101087282,4.024918318838216,3.078357253355075,187354.05320205816
A00440,H1,3,2022-07-18,8962.734979471597,3.809692642204799,3.5900883182831236,344354.30038491724
A00310,H1,2,2023-06-01,10617.221717385955,3.6425454044481174,3.2360610038262037,50272.60800743129
A00236,H1,2,2023-10-31,9398.583091214858,3.3187474687742453,3.3596002929838655,87198.03483863529
A00332,H1,3,2023-05-08,9421.998091459447,3.6875985918495835,3.2726504899397497,117325.95044292237
A00042,H3,5,2023-02-02,8913.234395237325,3.7554741332950914,2.9955684523153265,271530.39002987964
A00094,H2,5,2022-01-21,9104.096214519548,3.9404154519506838,3.4528176654869864,97826.19366680582
A00552,H1,4,2022-02-01,8164.297683808209,4.325135063858527,2.991020477096764,192931.20170050598
A00658,H1,2,2024-07-28,10153.34604732476,3.4599081315142257,3.2381508180386938,106944.55131825853
A00670,H1,1,2025-06-22,9702.292091035419,3.764186059540783,3.39052259618664,154544.13104194275
A00557,H1,4,2022-05-26,9090.563129203592,3.957120732163958,3.292236313786857,57757.05319174282
A00346,H1,4,2025-06-08,8944.960269416213,3.925510288775081,3.3905676840596537,69969.79099258335
A00265,H3,3,2025-08-24,9057.17713190969,3.695189835831682,3.0818907185236726,110428.77961089463
A00401,H2,1,2024-02-10,7730.649873961307,4.073383647054067,3.177886794441398,80208.15427259402
A00063,H1,5,2024-03-09,9332.401064698695,4.056185686636992,2.9104651129629917,301194.1612008136
A00716,H1,1,2022-03-27,8851.734560825711,4.103474208525689,2.985176073716757,230088.4575939864
A00063,H3,2,2023-10-28,8526.581755474434,3.593925197945599,3.317693235705244,50688.180698068805
A00752,H1,2,2024-10-18,10123.20881320226,3.5876757910215478,3.249460064175303,276535.59039927105
A00755,H1,1,2025-05-05,8209.543868202629,3.8577946121661566,3.2467872451073694,127354.94943525764
A00039,H2,3,2023-06-11,9400.089208921123,3.5378930893663685,3.3943232637820806,83496.45446318071
A00264,H1,1,2023-09-10,6605.430184545314,4.072727453732364,3.1281417374298104,311878.3696581385
A00716,H2,1,2025-04-20,10212.079752064015,3.7306654478015826,3.4729929792412224,153555.543032117
A00167,H1,3,2024-08-07,8962.696735787269,3.6039878692452034,3.1350562857321362,159247.80641617894
A00138,H1,2,2025-06-27,10689.73582568606,3.6060404156912473,3.117889217509492,63363.731735256646
A00113,H3,5,2023-03-14,7484.023756731088,3.799707502748281,3.3416646371943552,128892.75213492232
A00324,H1,3,2022-05-21,8978.674727057261,3.5944781885058257,3.0920039082048563,393214.3134613063
A00640,H1,3,2022-03-14,9155.322039681982,4.072506789435796,3.1816176716604603,128327.98512790406
A00004,H1,2,2023-07-09,9262.780970361422,3.8526438013822686,3.393163974482754,402836.64782383473
A00564,H2,3,2023-01-10,8697.24055198445,3.9634965580587784,3.2808233484281026,63883.30788783706
A00111,H2,1,2023-11-29,7735.904798201259,4.170433898635531,3.336371026642399,341907.50416652515
A00525,H1,1,2022-02-23,8871.008797511846,3.8532634814188595,3.003919500873838,108518.29890191846
A00644,H1,3,2022-09-23,9916.992287988445,3.7046703795086984,3.3343965284575394,134476.29477561938
A00668,H1,2,2024-09-28,7786.465562897618,3.8781728001038847,3.5353470185533515,95037.11716457529
A00263,H3,3,2025-02-03,10474.995090130738,3.779166843250846,3.258392831702923,338057.3560017001
A00744,H1,4,2024-02-16,10190.166981730152,3.6939697362342647,2.8688962038183052,145284.053377236
A00586,H1,4,2022-06-03,9853.34077552161,3.623706235814106,3.1242461653607583,48279.002793781976
A00592,H1,2,2024-01-12,10194.777761852787,3.826989365344742,3.172247312382295,84498.83995709044
A00691,H1,2,2022-12-26,11386.873887308764,4.198379877402515,2.9366566423576708,100591.10724995901
A00423,H1,2,2023-05-08,12357.911175122517,3.58069303138131,3.29121458841959,217139.48598098787
A00506,H1,5,2023-04-20,9588.834836005657,3.5887977764233527,3.269167515028483,203868.40084832642
A00063,H1,5,2024-11-11,9993.875470183595,3.867823653374359,3.03908349666101,104651.11770748191
A00263,H1,3,2022-07-20,9206.879106463379,3.6160667002039117,3.036124235958339,55697.13106323177
A00468,H2,4,2023-01-23,8922.62099568885,3.4660206726521414,3.3183553939297656,233870.87159668657
A00198,H2,2,2025-02-09,9710.773253303205,3.62150122569133,3.1091078959124867,307518.2333722054
A00567,H1,3,2023-05-31,8023.661625372543,4.188458886698276,3.3205711809850738,275091.59763049736
A00056,H3,3,2024-10-28,8475.408206885479,3.891786094221551,3.193885376397181,252487.30093787654
A00503,H1,3,2024-06-11,9202.409279229754,3.7903290692341303,3.091135431996986,183486.7940413482
A00291,H3,3,2025-04-25,9847.496607643443,3.625309145296296,3.3919500014677397,245665.99843243737
A00019,H1,2,2023-11-02,9122.553421936274,4.113633424135521,3.308477972393229,88684.10251142464
A00798,H1,4,2024-09-14,10945.887044350813,4.219582275110057,3.3913346152113317,70614.75876529973
A00722,H1,4,2023-01-08,9842.698570542168,3.980799861817437,3.4126078777265447,202131.20946242157
A00191,H3,2,2024-02-09,8732.607443961837,3.423220803591378,2.8893935567079647,233929.76482945276
A00494,H1,3,2023-02-15,9284.945732295477,3.9975777736388243,3.1309917888495447,49556.22924989006
A00261,H1,4,2022-07-20,9141.298482284416,4.343835779461381,2.975345743108119,188737.65373591965
A00605,H2,2,2025-05-14,9589.654316432272,3.5637775955994346,3.112194175608102,261644.20862072392
A00215,H1,2,2022-02-12,8827.2100750723,3.934734630615517,3.6869449679807698,159507.18696119613
A00800,H2,3,2022-02-08,9982.018035201163,3.899332077065716,3.112050037579991,92288.98726497106
A00005,H3,1,2024-04-02,9460.8384584472,4.250982620813216,3.274231498538067,124451.45840619852
A00294,H1,4,2023-11-25,8553.567846342221,3.972982550339077,3.2180905609328803,147640.0654178278
A00664,H2,1,2025-01-25,9580.324644099052,3.317115973406658,3.295611625099816,227567.84359409384
A00323,H1,2,2024-06-27,9531.571009427083,4.256963492173516,3.614066092839682,92025.22849718085
A00357,H3,4,2023-12-28,9138.539260918622,3.8997449086848084,3.304673650441239,412888.4115824238
A00513,H1,4,2022-02-26,10569.37016233347,3.928741821787947,3.4536563866904912,167918.66322162235
A00085,H1,5,2023-12-11,7416.075742861475,3.829900401523531,3.1297148965981774,73608.94157752441
A00630,H2,2,2022-03-19,8786.4970750423,3.874042396157185,3.4284584967971523,91327.85078055564
A00103,H1,2,2023-04-25,7941.115709036162,3.8356075593986487,3.172727553301443,138426.20661919113
A00656,H1,1,2024-05-10,8563.446581737713,3.922927752273526,3.6090543553136403,107837.5520499413
A00597,H3,2,2022-12-09,10229.761694700299,3.9875502812365795,3.305279505264836,144208.0264117335
A00680,H1,1,2024-04-17,8879.943275500456,3.770844298734535,3.204859143848001,272086.83515640243
A00091,H2,3,2022-05-19,8834.425610192662,3.894839729916778,3.524955771656306,298338.71814258146
A00164,H1,5,2023-10-23,8873.730393560429,4.251102499008838,2.993931883219057,56787.49358543311
A00155,H2,1,2023-01-21,8929.414563011956,3.909362108715383,3.461623372581583,52080.15309748783
A00381,H1,5,2025-02-20,8262.800081289904,3.8512391742522674,3.2925287387060225,300091.04639468045
A00278,H1,4,2022-01-02,8630.172560296622,3.9763740110520684,3.389898976562103,324711.61163947
A00033,H1,3,2022-03-16,8413.30368390454,4.003086230024612,3.422532025680419,128431.98470048401
A00778,H1,2,2023-04-25,8603.958780409897,3.805412141372274,3.2427776695954007,230432.53392359093
A00448,H2,2,2023-02-06,10124.696767249927,4.371862500163287,2.978653384039821,181243.33212245992
A00120,H3,4,2022-12-05,7868.754788911604,3.631337945454419,3.1439312453684805,143296.5029538055
A00050,H1,1,2024-07-26,7418.098011809566,4.031946537577547,3.240467440540655,301170.38511642313
A00401,H2,2,2025-03-10,9254.884934301072,4.123988172071066,3.278969584590889,133064.42568629657
A00763,H2,4,2023-09-06,8365.024242115742,3.9425085490210057,2.915916275820378,322269.996718139
A00761,H1,4,2024-12-19,10064.65996878604,3.8097191206359073,3.0586332321720238,137908.44588373246
A00543,H1,5,2022-09-04,10449.959909931404,3.9429419101382153,3.4164235641871334,125505.35810926114
A00460,H3,3,2024-01-21,8622.909638990057,3.8672964472069142,3.0589854059196244,88381.14761360928
A00236,H1,4,2023-09-12,10013.880563453346,3.716816081741181,3.252970931716056,351005.51780014724
A00569,H1,1,2025-02-17,10564.994727204066,3.6740301647375504,3.072542504501342,97257.48362296476
A00437,H2,4,2025-06-22,8742.447743882283,3.9959399418494495,3.313435488221807,104607.71618767266
A00009,H1,2,2023-07-31,8711.054247765991,3.726743936154395,2.8494346263223633,77963.38625330201
A00336,H1,4,2022-05-28,9249.811064137837,3.5436673296043497,3.2808005017356288,193652.25504538874
A00570,H2,1,2023-05-30,7019.180312781131,3.645011584026787,3.1766847989826728,117761.11299780346
A00788,H1,5,2024-10-01,8211.280297740197,4.019600718824158,3.3652544261798325,92480.22245177503
A00473,H2,1,2022-07-02,7029.320459609263,3.913800681159285,3.2890531282506146,130847.00194793219
A00101,H1,1,2025-09-21,8463.7047989492,3.8916122109870566,3.314285546397197,75029.69176860132
A00557,H2,3,2025-04-04,10008.043975758374,3.496947494063308,3.2738625477812175,187396.78785204107
A00465,H2,1,2023-01-29,9898.999146732132,4.228578669996079,3.4277181569248514,183668.25665802142
A00604,H2,5,2023-07-30,8663.54899259307,3.940132068818211,3.136088178126619,135216.26050606763
A00084,H1,5,2022-04-27,8959.395674392528,3.514178886972449,3.542461307181963,667932.9508435688
A00085,H3,4,2025-03-15,8295.371360159792,3.9272793922627423,3.4914008101026313,72450.30752224509
A00768,H1,4,2022-05-03,9461.623448989625,3.4590463271695184,3.3618155607015225,294568.88280111674
A00332,H2,5,2024-01-24,8553.255491356831,3.5885568013185263,3.4347566224984996,189262.09544245922
A00412,H3,5,2022-06-27,8018.653654503213,3.839483337208674,3.1484236172029765,239970.79183772692
A00079,H3,5,2024-12-31,8562.637178900062,3.842584692701697,3.4182427713213395,189904.21927668471
A00249,H1,2,2024-03-23,9053.389295417332,3.9222095879148435,3.190037542140945,413446.8074310931
A00710,H2,5,2024-07-03,9232.01579876278,3.7780102372547057,3.022997728357516,131753.395594558
A00692,H3,4,2023-05-11,9784.173986363325,3.626961482076783,3.127046390702378,358220.7089700369
A00545,H3,2,2022-02-20,8757.392913319774,3.7743215133312753,3.255683342010649,199187.2126248055
A00260,H1,4,2024-10-22,7896.662627713033,3.7287750018052908,3.471186700488989,190952.46618075523
A00395,H2,2,2025-06-29,7509.584555614824,3.968505800579049,3.5952695910331784,45290.20311959532
A00515,H2,2,2025-01-21,9162.951461024259,3.2125071961888456,3.3303048089031617,299208.0478363933
A00642,H1,4,2024-08-27,9062.306403011116,3.384652561194744,3.3745355240206716,428584.3832682619
A00690,H1,5,2022-06-28,8550.671687855553,3.451756137179964,3.257954185520087,189935.54489364036
A00693,H2,5,2023-09-26,9241.661769267179,3.662960218789074,3.218946042522883,46560.59528650064
A00719,H2,4,2024-06-23,9566.738856308673,3.861060435807643,3.2024181344921794,178101.2590526986
A00416,H2,4,2024-11-06,9325.563184113573,3.75345723433397,3.133583395033677,205277.57635124965
A00618,H1,5,2023-04-08,9225.110160985354,3.7679642919633345,3.1585382213651765,55877.09747003878
A00604,H1,4,2024-12-22,10337.247472780991,3.717135774423301,3.5911690525858,119437.5601231786
A00404,H2,4,2023-10-19,10389.153799894784,4.142766847692165,3.3581341293192564,87617.61037627209
A00577,H1,2,2023-12-21,9223.618123059716,4.209314770109018,3.368603905206557,561884.9858004157
A00268,H1,4,2022-11-13,7790.620035935639,3.7803510567984486,3.4560268009889286,214849.0734546893
A00078,H1,5,2023-04-01,9704.1838641587,4.103203426298843,3.3275294661645973,165782.45152516905
A00564,H1,5,2024-08-26,9479.29029823385,4.492580495236149,2.9784927902802676,129776.48457766853
A00081,H1,3,2022-03-01,10804.489609958242,3.9681127535888248,3.2774140670585177,242014.78777495146
A00749,H2,2,2024-02-20,9429.636854017523,3.372382987606681,3.1521789410853835,298587.1658718354
A00025,H2,3,2024-09-06,9145.567198856937,4.142686126868744,3.2576286211653027,122604.10827448005
A00462,H1,1,2022-04-16,7290.028307413822,4.133633112174304,3.3878251946605795,295900.976536265
A00133,H1,2,2023-03-03,10143.827149860414,4.067118080375298,2.9226236015576945,60946.69525845584
A00305,H1,1,2023-10-18,8800.966522587583,4.129276452864008,3.456729153744463,88872.63071265214
A00127,H1,3,2025-03-06,9710.503839412238,3.930447842262123,2.6364318262350954,637390.0030310365
A00359,H1,3,2022-10-09,9189.325447544956,3.883129846457014,3.162319154128427,404167.90439613187
A00667,H3,3,2024-05-19,10117.01671056561,3.946284864365269,3.240217348275867,292033.8959379971
A00454,H1,1,2024-01-26,8940.11949376726,4.177607375207879,3.142144407694074,126931.1429931903
A00219,H3,2,2023-02-05,8350.140052262586,3.786015751484894,3.5684349986386215,206899.04666904407
A00249,H1,3,2023-11-17,10576.538760321539,3.8570374775560503,3.1703452362030102,294593.07447450934
A00656,H1,5,2023-02-28,11515.356510109505,3.901338920562864,3.110390293732911,191877.37875775702
A00509,H2,4,2022-11-09,10049.991790280594,3.7222733319818566,3.182097578662671,84242.20640906265
A00555,H1,1,2022-03-20,7985.640250268202,4.323042207599901,3.333968707014911,211467.71919415015
A00192,H1,3,2025-02-13,10082.707914119053,3.7827423789348344,3.3289234524597986,184131.4354447807
A00037,H2,2,2023-02-27,9399.737032395853,3.748932628048175,2.9097329954124236,203411.7714677913
A00776,H1,4,2022-04-13,9311.082031434937,3.5726447423901893,3.2875555431676613,169359.92812442014
A00619,H1,4,2024-01-04,7832.961385160043,4.081594186958311,3.11127773325901,146913.13345713977
A00290,H1,2,2022-01-19,9554.092170073727,3.9699331288806277,3.50903351502752,232819.1238855011
A00533,H2,4,2023-05-17,9853.853815391863,3.790823201095251,3.43164014312591,285556.77348692203
A00517,H2,1,2024-07-23,7977.089713331772,3.9949052551839745,3.2461576445672993,296710.3689174542
A00771,H2,1,2025-03-25,9583.430949915844,3.54075152383532,3.3368743899020394,104179.76009519305
A00116,H2,3,2025-09-06,9532.546883087774,4.304452342901473,3.28190142614826,651525.7671306833
A00684,H1,1,2024-05-07,7709.8449101348415,4.1276406850731915,3.159617476790714,101738.59305300639
A00412,H3,4,2023-09-28,8274.252036233509,3.787256033673687,3.2392262084147467,239881.776125924
A00784,H3,4,2022-07-27,10492.401908827711,4.024298604508266,3.2077361090594048,246623.31640313272
A00039,H1,3,2023-01-13,10812.586512740005,3.8564186134144993,3.2109952142699343,211934.44310913738
A00017,H1,5,2023-08-07,9591.521634223436,3.8628494635792725,3.1909796087263818,136095.19309447237
A00662,H1,2,2023-03-11,9734.118314084826,3.6336555848983725,3.378993591965168,340577.53241446207
A00213,H1,2,2022-02-07,10138.614228974338,3.8116124194574903,3.345043362345014,181093.6653607233
A00088,H2,5,2025-04-19,8825.999007965082,3.7393758019804917,3.5573251624608795,762775.1954271451
A00323,H1,4,2022-11-06,8576.254643171193,3.8241778962403608,3.4112404919867063,213874.0005885982
A00340,H1,1,2022-05-20,8613.90227826535,3.8449763629060505,2.9648410590030667,74727.57529897781
A00649,H3,1,2022-09-20,7924.234143319179,3.9527653000184855,2.9188621018355563,61589.73902933188
A00550,H1,5,2022-05-30,7765.160580461876,4.060836222981244,3.0900547675437466,281456.3921649235
A00194,H2,1,2024-04-10,9123.02906306735,3.347959321601565,3.3268184059991506,132498.58895390993
A00306,H2,1,2024-10-18,6806.266642567627,4.110409315724685,3.176334944810167,64652.11941926164
A00159,H3,1,2022-06-26,9635.779723361264,4.105339032328335,3.1063337731384415,142542.67285823682
A00384,H3,2,2024-02-04,8972.003710245035,3.750030103225423,3.240899733546165,328123.6586793759
A00330,H1,2,2022-03-18,9185.956335317984,3.711558711540959,2.997622720712302,95622.68752415605
A00199,H1,2,2025-08-20,9983.437136194087,3.230310870524791,3.352296035613858,136159.0477887559
A00005,H2,2,2022-12-27,8639.99678620871,3.2690312700279107,3.4160046294109487,173546.54441047763
A00695,H1,1,2024-08-04,8789.585583879218,4.253360240056339,3.2865699658133867,65429.83391001044
A00152,H2,2,2024-11-24,9761.479208776047,3.9516832943529314,2.712551943860214,208050.45382503205
A00232,H1,4,2025-07-03,9964.710310081584,3.4398163474282937,3.376823755070359,237137.13503062222
A00227,H1,2,2025-06-29,8627.164242830544,4.106483032895056,2.977979916430737,284097.5231496136
A00224,H2,5,2024-05-24,8888.279845529258,3.953396379002844,3.0094461841866433,202313.16414465453
A00482,H1,4,2023-08-10,10243.453214923005,3.2994358077553607,3.3124025347738675,396349.4964998979
A00778,H1,2,2022-02-01,9032.460820580241,3.774268551523589,3.347885304625223,92414.97298580204
A00030,H2,1,2024-09-11,8054.632772382911,3.4639012991791733,3.0079459456630455,239026.54796717028
A00173,H1,1,2024-01-04,9461.321678146312,3.8104252066375683,3.1181492700416893,117923.51151812158
A00389,H1,5,2025-09-16,9019.668811192549,4.011128522170549,3.153363556083256,79796.41677736767
A00311,H1,2,2025-06-19,8759.225407631486,3.8888660610922856,3.339824068129194,401956.6292689815
A00026,H1,4,2024-01-01,10250.790384459457,3.5617461545168423,3.076600227315482,78280.42097570658
A00732,H2,2,2022-03-05,9349.942726074214,3.1518208711494324,3.6199858345513514,87713.17284742364
A00117,H1,3,2023-08-17,8825.303574563924,3.299287654372592,3.3151824956696854,77469.25915527553
A00351,H1,2,2024-05-02,10311.181720360759,4.3030084727696964,3.126572808206865,171045.04052858794
A00337,H1,3,2022-02-20,9386.922183423729,3.966112489373855,3.4330639251552744,271856.7596351657
A00506,H2,5,2022-11-23,8486.16741966966,3.62287212829527,3.1492115570149206,426675.42774581653
A00303,H3,3,2025-06-13,8726.599235503914,4.411494652859507,3.4849018879923563,97319.36813264858
A00077,H1,5,2024-06-20,8704.849923776821,3.9597041308404237,3.5113758637670767,68200.9455207383
A00044,H2,3,2022-02-21,9062.94316611711,4.299616468686483,3.430307659602671,264338.03121293837
A00656,H1,1,2023-06-24,9429.315840733552,3.972763651202196,3.481479525642091,132176.40951656603
A00582,H1,4,2023-06-18,10448.768952002509,3.48244609447563,3.3824901040729074,148166.6948934132
A00169,H1,5,2023-05-24,10725.998604939328,4.2686711666853485,3.3139677179206175,486792.8593234834
A00713,H1,1,2024-12-25,8276.699240236725,3.7213502901789624,3.1280483589614856,43567.78172008583
A00654,H1,2,2025-03-01,9094.283596430945,3.6496403050612005,3.0376050973097186,132690.5376113616
A00418,H2,1,2023-04-24,6990.077956216744,3.711388001005929,3.0638156013831344,271411.99381704896
A00710,H2,1,2022-01-14,7918.057793934252,4.203561523593724,3.348452712702887,224197.94544242087
A00405,H1,2,2023-06-03,11469.121764687903,4.181532267509171,2.9175238745343455,124285.30810733818
A00680,H2,5,2022-12-24,8184.942387261836,3.808539485885197,2.780674204767673,78230.41511493121
A00323,H1,2,2023-08-09,7629.760371469729,3.7547111730743925,3.431743432933388,62787.957747415545
A00797,H3,5,2023-04-02,8492.860757930473,3.7570998504062323,3.403892755569644,67682.39442327493
A00362,H1,4,2024-07-31,9300.956751415071,3.736068747289872,3.224995873713082,249554.9579984351
A00626,H1,2,2023-04-23,9012.330708531788,3.884174800831803,3.5182794905380943,91087.0711447978
A00263,H2,5,2023-12-13,8782.311240815643,3.3923355944376494,3.5039373137761967,94256.91134531186
A00188,H2,2,2022-06-17,9039.487376365205,3.64362383702606,3.468362185083784,272316.7895834357
A00562,H1,4,2022-10-07,9141.45891639045,3.847908093070277,3.1309076093565125,258029.58881530853
A00411,H3,4,2023-05-15,8964.369218431999,3.9896820051635835,3.2542955958141246,125447.87147185819
A00527,H1,5,2025-08-29,8534.383188606353,3.8184407481816836,3.2518516109207454,251989.24585263347
A00159,H2,1,2022-04-02,8286.068057166196,3.757241969595567,3.0130045428415584,80527.53583851267
A00608,H1,2,2022-10-12,9273.925252519868,3.728838952596073,3.4707762542091873,380444.9823575826
A00509,H1,5,2023-09-16,10738.774906678434,3.910284923000005,3.2018271283187056,230821.35835719187
A00520,H3,3,2024-01-02,9104.380285082489,4.031640017304264,3.0411483137272266,151115.216426316
A00492,H1,4,2024-04-29,10205.41002488623,3.769494342840466,3.133284737505687,154712.41896549542
A00423,H1,2,2023-06-25,10540.57988718682,3.8301989897529967,3.2135231812059626,187672.7033537263
A00254,H3,1,2023-12-14,7731.89491442063,3.770218741570917,3.383849260017943,402556.2726912741
A00480,H2,4,2023-11-09,9550.999783682317,4.442982536310419,3.362039388416704,75028.95803378007
A00015,H2,1,2023-11-30,7337.971482004446,3.8185609086730055,3.0955995996414676,108068.62689857851
A00375,H1,3,2023-01-10,9230.976402483147,3.563693007278319,2.9130937324481017,70800.56026265094
A00647,H2,3,2025-06-14,10772.831804501811,3.620624894442943,3.2071578898816218,78483.56673310322
A00180,H3,2,2022-12-08,7166.610936761841,4.324377653511142,2.9328729470314845,121867.94651755325
A00050,H3,4,2024-07-22,9826.98223404086,3.819557203589209,3.3490473527692237,431460.82815821865
A00455,H1,4,2024-11-02,8952.736254503794,3.6200049722315755,3.425853547077168,65862.54767697671
A00589,H1,5,2022-01-19,9616.092170855685,4.491128329573189,3.2281122537376223,115514.0211277847
A00528,H2,3,2022-08-08,10475.077381445253,3.8411719049549293,3.205283822565214,51439.19143694932
A00147,H2,2,2024-07-11,7838.022150974173,4.1138943414798455,3.2554443816740717,129557.28553034659
A00732,H1,5,2025-07-14,8533.24777932387,3.6036554989825293,3.463902985708963,185565.5131952587
A00008,H1,1,2022-10-10,8847.241946927717,3.645788024406136,3.622671749603912,105938.9848214804
A00602,H1,2,2023-02-21,10382.446574303622,4.033555874756534,3.456433315927008,90582.50291122106
A00081,H3,2,2022-09-16,8273.588762077516,3.8086765167855305,3.1557796043535724,121847.89965480055
A00243,H3,2,2024-08-22,7694.963089318561,4.202725234103594,3.362418716659905,535316.1160499338
A00757,H1,3,2025-06-22,9861.53245437063,3.406475825678924,3.3732918201979016,182129.82267489532
A00595,H1,1,2025-03-03,8069.899752397559,4.03192822800819,3.039203802573387,203929.19317733785
A00236,H1,5,2022-04-26,8999.05667170987,3.955362685138834,3.237349254037417,64779.67282189709
A00672,H1,3,2025-04-13,11618.815606072501,3.786692824345638,3.4602406093587863,70132.21541851052
A00424,H1,5,2025-06-28,8450.389202006205,3.8560193516209775,3.001315748764766,134545.6300403601
A00553,H2,1,2023-12-30,8072.426093419411,3.517551150425987,3.1332954855475132,430738.78704149096
A00752,H3,4,2022-01-20,7429.819720868917,3.5464600769649466,3.4948611530283618,137709.42364702132
A00768,H1,4,2022-12-19,9526.59827345393,4.010223539635531,2.7689342352005077,169626.48764039573
A00540,H2,2,2023-07-12,8043.724165862766,4.110534654656895,3.202783385395421,87178.98972115459
A00348,H1,3,2022-01-24,11164.916380466866,3.935155507122802,3.287018605759481,257500.98460610738
A00063,H3,1,2022-05-31,8551.02664982558,3.8419128661816755,3.4730509711758453,142038.42364486223
A00177,H1,1,2022-06-02,10256.986256581447,3.847956048269169,3.168360716084989,360877.79904333514
A00753,H1,2,2024-03-08,9982.721178386462,3.844572885028074,3.130419127676861,162075.24314307744
A00647,H3,5,2024-05-28,9422.491207456696,4.122208098077747,3.4245815848579744,127088.82646574742
A00487,H3,1,2024-06-07,8584.174495979265,3.836532910239237,3.716838640372475,359601.98120940453
A00464,H2,1,2023-06-13,8509.971437739383,3.549077649091723,2.936982299104016,88863.35285231384
A00589,H1,4,2022-01-21,9447.883494623291,3.7961433616286353,3.130889752326134,122208.30483898627
A00058,H3,4,2024-07-05,8280.252004944972,3.782913052909509,3.244903599582592,94619.35314669482
A00629,H2,5,2022-12-09,7840.828343094081,3.789214913982639,3.271241755563242,45925.14367561201
A00340,H1,4,2024-09-06,9822.589721757771,4.407448778798742,3.475199706816192,357807.7063336433
A00009,H1,2,2024-05-24,10496.691076733185,3.7101908916512514,3.2693835375090945,101697.09194988407
A00409,H3,4,2022-02-19,8333.425511820167,3.903368323276376,3.225211940659498,47187.19732415873
A00032,H1,5,2023-03-13,9862.100274016202,3.9047347117679085,3.441750286905856,235642.63239811678
A00283,H1,4,2022-03-22,9985.606141532759,4.124837935571914,3.415494302513218,187971.90583751898
A00582,H1,2,2023-11-11,9073.12741921773,4.138170719370392,3.5328510994511384,62835.96948259837
A00578,H1,2,2023-09-20,8276.320968599262,3.7914285744181586,3.1927228350161347,58884.91384969561
A00344,H1,1,2024-04-26,8490.561363664858,3.8401043212568875,3.2445231103175245,412993.7910114051
A00686,H2,3,2025-02-24,9467.29457031409,3.528607441271124,3.2035023356911987,139071.7479517466
A00314,H1,3,2023-03-20,9682.92986777323,3.7367013165078156,3.220162315002303,149332.21966354846
A00340,H2,4,2025-01-08,8821.554647920539,4.115383768702762,3.3563896256156456,302679.69574673974
A00490,H1,5,2025-06-08,8744.0459672949,4.163026356127148,3.517748304026049,75320.7240866234
A00478,H1,4,2022-01-12,10168.065977602528,3.4100474341158766,2.961459985324881,201222.443541133
A00618,H2,3,2022-09-13,9483.363173613716,3.764570476114042,3.1841637905714446,248981.3041538095
A00014,H1,2,2024-12-29,9530.507935782847,3.9457922556640477,3.559282703461249,240430.12218240122
A00213,H3,3,2025-08-06,8573.403552887445,3.764106838340459,3.06855550759548,320600.39429172134
A00543,H2,2,2023-06-21,9713.492901257581,3.8557247907509593,3.3795690365676476,66957.02662684362
A00044,H1,3,2025-02-10,9264.132071143076,3.2250173189794005,3.0552940508170745,144605.0889894015
A00316,H1,3,2024-04-24,10407.988521804167,3.8703825698078718,3.2441695701793414,290948.222968771
A00513,H2,4,2022-11-27,10366.52838119225,3.8981247342504033,3.12264580671929,140044.78830416556
A00678,H2,3,2024-11-23,8700.031103066505,3.6364315785039167,3.3110131418634006,121001.47390672227
A00255,H1,4,2025-03-03,9612.07724611613,3.7695879128395084,3.2857787219479695,234965.019938177
A00304,H1,5,2024-12-14,9029.00511772103,3.708250416014689,3.0620951845619615,105082.0411858019
A00582,H1,3,2024-11-21,8706.679640191149,3.434752027748244,3.3974931017556633,112841.76604365466
A00508,H3,2,2023-11-02,8910.768958951854,4.143726927866991,3.177446705018894,131801.5351138933
A00517,H2,5,2022-05-04,11268.740083564346,3.123415617644979,3.232449418794984,97442.94965214415
A00596,H1,5,2022-08-11,9902.17224598411,3.821857523258002,3.0860367014440078,135276.9552506242
A00582,H3,4,2022-05-11,10748.445329025197,3.639393330072891,3.225276462354486,118150.35999981701
A00579,H1,2,2025-07-29,9930.759118854665,3.4704087131150017,3.0008577831384646,118067.49221759973
A00264,H1,1,2024-12-25,7705.1185381591795,4.223325390531438,3.57771386749703,129241.55522673609
A00187,H3,2,2022-04-27,9441.97985429614,3.6754518941414074,3.054297642114096,126094.83734137488
A00558,H2,1,2024-07-09,7564.063327243866,4.233755749943469,3.0114892660914365,395398.2393932508
A00451,H1,3,2023-11-16,9118.931832459453,3.764067832115536,3.394244302543999,368902.1277589598
A00774,H2,1,2023-10-22,7409.362467933889,3.552112421856326,3.0436658369688394,115363.88035680405
A00319,H1,4,2024-04-13,9753.483777803785,4.229006281137381,3.4519439924333426,105585.90090279328
A00607,H1,2,2022-05-21,10630.169975736228,3.7966031355291894,3.5796340577039323,53221.15686640178
A00100,H1,4,2023-12-23,9274.598767252473,3.5075391336969637,3.357234623208109,225048.90293420656
A00214,H2,4,2025-01-11,8334.169016712885,3.457877141619403,3.515180382215105,94040.98741179892
A00790,H2,1,2024-10-23,8002.753847931158,3.9312680102155166,3.309382518686913,124775.27340782896
A00562,H2,3,2022-08-14,9790.249626087978,3.7640069726947174,3.106299739827011,214977.06744078704
A00633,H1,3,2025-06-02,9388.780668902971,3.5477196738297607,3.5623133132525697,379404.20493379416
A00767,H2,3,2024-07-27,10455.990944436719,3.7115424906081467,3.1361399134574865,461266.5610742175
A00516,H1,2,2024-08-27,8074.26218449527,3.979546220696125,3.6227948678589907,152701.60773591223
A00619,H2,4,2025-06-15,8562.930860663226,3.7762978601525026,3.02778958963733,381752.33252099354
A00572,H1,5,2024-05-15,8404.801340706956,4.2339767623106574,3.1841322891315134,77285.9662232229
A00113,H3,2,2023-02-03,8249.948309762982,3.986102183424429,3.182427970484458,185684.93198593616
A00286,H2,2,2024-01-07,8672.790830258358,4.280225205521505,3.1872725059551588,188914.2024440134
A00713,H1,2,2025-03-01,10617.233076571012,3.8192049260602734,3.360084285703745,224357.94616921173
A00761,H2,1,2024-08-23,7457.677049649687,3.9944835550068856,3.179763047050024,185002.63408522823
A00797,H2,2,2022-09-20,9126.215975823918,3.8110469587398965,3.152772360266955,145128.3486882978
A00479,H1,4,2025-05-26,9601.67433230179,3.5986120147762692,3.6722319470129814,283186.7262744163
A00422,H3,2,2023-12-11,6330.583656030572,3.7001772345625232,3.0018584541516202,130147.96290640924
A00594,H3,4,2023-09-15,7582.868304439478,3.8999076715400176,3.2525901447674017,184775.3716540658
A00431,H3,1,2024-03-19,9692.333669454523,3.602402836579444,3.3837089211919995,144724.828616014
A00005,H1,3,2022-02-06,9549.689206121522,3.1845086657106676,2.698683737828625,321850.9629019902
A00741,H1,3,2022-10-19,11208.395548371322,3.8456179379294553,3.0173257356403798,116615.82539495216
A00418,H1,4,2022-11-10,10929.834285299692,4.409875719910934,3.336090526131432,149025.44245161195
A00144,H2,1,2022-12-24,8015.710432450578,3.920293522168634,3.1445719247819466,163818.71137759954
A00710,H3,5,2025-08-10,8280.277500058726,4.089700215158503,3.2137954879885084,138229.51679709012
A00784,H1,5,2023-12-31,8862.219864120694,3.850261796520634,3.271820353064084,53891.73517924282
A00296,H1,5,2024-03-10,9146.263214693072,3.7938170614466693,3.279233089151691,139081.35289732125
A00115,H1,1,2022-06-21,7789.894964604731,3.756379527628545,3.001306361691686,263872.08636691014
A00649,H2,4,2022-10-25,9100.213442491793,3.4990999462761367,3.063970804337127,62461.80039361519
A00362,H1,5,2023-01-25,9803.041330908794,3.6409246450110193,3.3867160742373796,81043.50372644282
A00765,H2,4,2024-11-01,11125.061384478427,3.957606321995041,3.1432772774207307,226255.45036175055
A00310,H2,3,2024-01-04,9100.5526821585,3.695727943214512,3.1901037943006227,68586.51456624255
A00670,H1,1,2022-11-18,8384.919747573162,4.111457647940174,3.2445667257137467,83345.84800297911
A00682,H1,1,2023-05-07,9048.015592821863,3.499637213068955,3.396346432639772,160768.43022045572
A00036,H3,3,2024-03-11,8693.9552630537,3.618545826316694,3.151402546897563,133635.95543240494
A00469,H2,2,2025-04-28,8774.331757355849,3.889956416571722,3.2745264951256288,308082.61452742276
A00184,H3,2,2023-02-03,10054.755640800926,3.99169357306578,3.557781866066929,455386.93978952034
A00348,H1,2,2023-08-14,9326.641765237078,3.7655406671624343,3.36182528996111,97361.07320532882
A00533,H1,3,2022-11-15,11108.449580838904,3.79488135435342,3.332004478720584,359713.2948373685
A00200,H1,4,2024-12-20,11723.380301801635,4.121777549622191,3.287656448647595,352722.94614907936
A00682,H2,2,2024-02-04,10513.165708020364,3.3332349547762585,3.3508823994925847,206425.79261156425
A00115,H3,4,2025-03-28,8495.941325787619,3.6882476350220363,3.0300392103472373,78094.84672359483
A00764,H2,3,2024-12-28,9959.371577963075,3.6342584882575615,3.0316539149472432,109283.97900727091
A00393,H1,3,2022-09-01,10152.24545191061,4.120605362904237,3.1941828444539024,80166.20842511684
A00404,H1,2,2022-06-08,8264.065279956538,3.6273479257481034,3.1205463587266706,132415.13913208013
A00673,H2,3,2023-05-27,7993.007626105882,3.716527797122134,3.2183824952548257,62667.875908092195
A00286,H1,3,2024-06-20,9381.985164825182,3.8879703708223223,3.1309158008037588,364066.6932622021
A00312,H3,4,2024-04-21,9098.990056004131,4.103680368624445,3.141931162795057,237706.9262896644
A00105,H1,3,2025-09-06,10679.681381356624,3.89924482614815,3.202789128217109,203282.94776270253
A00718,H2,1,2024-02-27,8103.045311865342,3.6850962284815183,3.031653594664233,209467.95556907204
A00412,H1,5,2024-08-03,8027.310363690454,3.8818103622433124,3.4570402765295416,41234.985363093176
A00354,H1,1,2024-12-22,9186.848548542055,4.031532264028888,3.2992991088867427,272889.2524833566
A00109,H1,4,2025-09-15,9877.400678856307,4.341158879970771,3.412194191242778,50763.88713588361
A00614,H2,4,2025-07-31,9126.859557385756,4.065272564400645,3.126073796044157,218346.23131554967
A00292,H1,3,2024-08-21,9939.8245424019,4.083985660325391,2.8604661631348476,142492.830508661
A00007,H2,1,2025-08-24,7811.449606619768,3.8121967762586575,3.4626208175946984,38222.40614768701
A00481,H1,4,2022-03-08,8961.739285538808,3.934136056068995,3.470941233425558,279813.0196082599
A00605,H2,5,2025-06-28,8833.408512029308,3.626729862002948,3.135657874397981,247979.8030209945
A00438,H2,2,2025-06-03,7677.855349576561,4.007957863024095,3.1515798839924396,182886.9033827304
A00720,H2,2,2022-11-14,8801.646460743834,3.89493571890699,3.473048799715678,67556.49462949001
A00606,H2,1,2022-04-28,8311.428500585878,3.765638251776719,3.325320886417286,184477.1376875999
A00279,H1,4,2023-03-29,10690.926932165561,4.141695790547559,3.283494920864254,61199.689144457734
A00460,H1,3,2024-06-03,8761.041124693556,3.7599654841057464,2.9963135102394625,215942.16756674406
A00320,H1,4,2024-10-25,9367.739184788212,3.9791035706886007,3.179524161924023,92735.15675095526
A00528,H1,5,2024-12-13,9259.24610034682,3.8869896163561974,3.2156704219945413,116354.73262668648
A00099,H2,3,2023-03-17,8990.973179839397,4.623463527092037,3.3257823944428995,65539.09891530641
A00250,H1,2,2022-03-07,10499.558119585114,3.7972594301573293,3.1708367470919065,393914.65548597084
A00435,H3,2,2023-06-11,8369.12239112036,3.9528386050645516,3.4676587706832027,162630.07127528518
A00344,H1,2,2024-06-19,9730.118872753166,3.912871632754454,3.2747026832141723,70802.3379990052
A00025,H3,1,2022-06-25,8226.241118258564,3.8053268725887777,3.3892645403977784,223296.9997366995
A00438,H1,1,2023-04-11,10508.84009480582,3.8145272503572136,3.2354404383348765,122134.48636840245
A00500,H3,1,2024-08-12,8166.341290377198,3.7731249613923183,3.3614412373024756,156790.96469820943
A00461,H1,2,2024-06-16,9152.362463845287,3.913066066000858,3.2867597666118944,215378.4916884317
A00337,H1,1,2025-08-01,8084.44165085173,3.7177687352135638,3.057030680972738,275898.39506799524
A00136,H2,5,2024-01-05,10047.059899185468,3.657354324536587,3.2161343166751424,81729.7353601838
A00768,H1,5,2023-07-11,9751.215442786845,3.8683972777548687,3.155612199951163,91987.5930770402
A00281,H1,2,2024-12-17,8831.641892918786,3.8599579420557832,3.1959792832626976,76226.47708700088
A00729,H1,2,2022-07-02,8167.059301894677,3.459049124948582,3.183143297014965,142533.67845805286
A00173,H1,4,2025-09-30,9511.964800016434,4.012684856914307,3.2382016224790666,212038.20706855154
A00598,H1,3,2025-01-12,8604.613839157235,3.9848596301591614,3.081313142827636,260232.33028102576
A00011,H2,2,2024-10-06,7890.795548891725,3.6305575748177947,3.3185682904327427,302757.92238061456
A00357,H3,2,2024-08-26,8274.03106541233,4.074691905590743,3.080407420547325,193012.62440957155
A00370,H1,1,2024-10-22,8934.50078155685,3.5218902869498687,3.3268509299420534,258400.36038432986
A00800,H2,5,2024-02-26,8197.003038007395,3.7746966104960205,3.268376312479855,124839.53844684846
A00519,H1,3,2023-05-05,11119.474957213508,3.589690190921971,3.2630999625894788,305056.9679179673
A00683,H1,4,2024-09-08,9792.916389090207,3.715015205351815,3.3608709886866532,458578.091781433
A00039,H1,2,2023-07-27,10019.939412386726,3.4847558481612144,3.332840441177132,81498.08713157386
A00500,H1,5,2023-05-02,8806.471731745178,4.1381456447253475,3.0794181394883724,114684.3770254632
A00523,H3,2,2022-01-05,7311.755619133613,3.9359974035806546,3.1786361412316286,377868.4752565046
A00272,H2,1,2023-05-13,7684.684464075989,3.7516967448104515,3.319952549346001,89678.21213939188
A00283,H1,2,2023-08-05,9167.521333083936,3.8622345981770274,3.2628276488041417,165498.7688045276
A00303,H2,2,2023-06-27,9075.195418734476,3.690287665013346,3.3083091355754832,50490.14884576504
A00212,H3,2,2024-11-09,7888.697401605155,3.7300180434492862,3.095899266334491,398678.0117408866
A00579,H2,3,2023-10-06,9086.6151724349,3.4961866339243164,3.219432933502887,85492.63543235819
A00020,H1,4,2024-10-03,8385.110028169714,4.215981601128583,3.3994715948393575,330980.3127943185
A00104,H1,4,2023-02-27,8834.597829487835,4.136686151362424,3.2616222353897304,669846.7694568204
A00048,H2,5,2023-05-12,8911.665110931928,4.134012149314675,3.555404512701842,81195.94741077303
A00749,H1,1,2022-06-21,9336.313482617568,3.8008429074377443,3.2594259381742243,209427.74244678137
A00185,H1,4,2022-04-30,9461.817693788782,3.983100326559464,3.3617283110611385,341419.945236903
A00492,H2,3,2022-05-27,9595.390625926306,3.5414347852149706,3.276548317797929,120786.46484771582
A00104,H3,3,2024-01-25,8476.086084714447,3.6984051963157327,3.1667358074883247,314795.25789843244
A00541,H3,1,2024-02-18,8465.974557568725,4.137329512112668,3.3666149471475713,226502.3841456768
A00538,H1,3,2023-03-17,9104.641039001746,3.798753151600218,3.1193444723512194,79194.99316771081
A00100,H1,1,2022-04-30,8813.518710657712,3.651736555967356,3.2642065382829806,115623.02441559556
A00237,H3,1,2024-06-09,8599.040539407497,3.850803440573673,2.99762721293607,142058.70514097507
A00741,H3,5,2024-06-16,8893.171166232514,3.4644114156334496,3.252646328550299,211470.317031891
A00023,H2,3,2024-01-30,9414.730985018454,3.8460367432278932,3.528482730317698,61672.4464137224
A00259,H1,3,2024-05-03,8167.155382557667,3.704362464162958,2.751602820136415,173328.34117340518
A00725,H1,3,2024-08-21,9121.371661700236,4.0809135388422275,2.9349612163277072,67876.68254181356
A00029,H2,3,2023-08-17,8019.089329798939,3.853578371480377,3.223138044667602,208543.90417115635
A00718,H3,3,2024-11-17,7463.434657156308,3.923147887911218,3.1904440476752005,135731.17966124232
A00700,H1,5,2023-11-28,10492.426735128123,4.038196109341093,3.073488254061864,40401.19431247378
A00548,H1,4,2022-07-09,8903.572640770168,4.1433905859389,3.0949194014419943,116296.40401692105
A00765,H2,1,2023-11-10,9126.340500145237,3.8527776859052825,3.4745367406282623,296129.4556549113
A00408,H1,4,2023-11-12,8455.410516766913,4.0408335280961225,2.9709547443486484,123299.91748443547
A00579,H1,5,2024-04-12,8916.783800154282,3.8368885583761245,3.3131643345658186,136740.8047409173
A00564,H1,5,2024-08-16,9264.609457305947,3.961303177561754,3.1779580942169456,248256.19468608932
A00166,H2,4,2025-09-22,9341.028596292037,3.641902060787661,3.13646109306558,312709.0426610526
A00622,H2,4,2025-07-04,9354.172635588442,3.2065559866161433,3.146690770534105,267000.8655267455
A00338,H1,4,2023-12-30,9243.529072446296,3.934568055956803,3.333752177571701,267213.7021627422
A00794,H1,2,2022-12-30,8297.651642299958,3.7988696152067,3.0229164887683964,49497.05744306336
A00528,H1,4,2023-12-20,9760.24428475238,3.7216259372004856,2.9277008164986587,263039.2259234142
A00681,H1,3,2023-05-20,9784.459380077653,3.9076224108574635,3.1192354711848034,49792.202938033646
A00240,H1,3,2024-07-07,10550.720929762503,3.546599305465214,3.3041762693988685,164945.23610700452
A00665,H2,5,2024-05-29,9718.163880110189,3.7569449654764755,3.328190654785264,60877.92574381701
A00460,H2,2,2022-01-11,9565.597441805343,3.66876687131133,3.518150005397867,113830.28426993954
A00348,H1,1,2024-01-10,10281.124772610496,3.7707425950525413,3.1324252768787524,61053.34947133571
A00454,H1,5,2024-02-13,12242.444370636262,3.9312611852965746,3.0155821470819943,133365.45595694424
A00320,H2,2,2022-07-28,8649.565600650754,3.6532439022332373,2.9992091490360284,389995.91873997153
A00057,H1,5,2024-01-27,9813.606415712533,3.9189226831855115,3.373299653098029,162551.70574387928
A00591,H1,3,2025-01-22,9920.391770107657,3.7949013766259707,3.5254716042617034,112605.92905579011
A00687,H1,4,2024-02-19,9024.621014915369,3.761536994782537,3.1614009664283906,62536.910918199035
A00650,H1,1,2025-05-29,9948.397313441868,3.988597833793408,2.782083790293357,220394.14750378992
A00672,H3,2,2024-10-21,8339.81369075727,3.7744410680094647,3.2459636245114396,336056.1561343009
A00204,H1,2,2025-08-31,10173.286853651109,4.016761386895913,2.928408612376658,293129.61634257814
A00543,H2,5,2025-04-18,8025.17692442453,4.2940971842078,3.0777430479691397,298359.54244749126
A00343,H2,2,2023-02-08,9184.063353790989,3.474726375867172,3.2475242116703384,78334.73396799457
A00364,H2,4,2024-07-21,7796.924088473383,4.012872031728468,3.2487220428563544,108345.38493743846
A00433,H1,5,2024-05-19,8384.517566927567,4.3119524278624,3.246888260279622,142851.29175984138
A00076,H1,2,2024-05-28,8218.566214777686,3.680330584526005,3.4888194280818627,247130.01903114872
A00644,H2,4,2023-04-10,10070.883523986162,3.733352659091348,3.220136226081806,182769.52507225404
A00551,H1,4,2025-01-10,8115.989014088611,3.802669919358025,3.1954498866341763,277959.69080478424
A00444,H1,4,2024-06-06,9248.292009134997,4.0900177409804,3.2421616175143195,440668.1427897295
A00487,H2,2,2023-08-26,8618.030461278306,4.014849022622605,3.0102044116076176,91507.20461591319
A00118,H1,3,2024-08-06,7600.671213016227,4.193617803997603,3.2247756768829587,48439.24425708024
A00270,H1,4,2025-06-19,9583.395949059963,4.008300108677327,3.1510923080390265,77154.58187545695
A00701,H1,1,2023-11-26,8794.355164201526,3.652708825181898,3.4122604060603647,103316.51433482763
A00547,H2,5,2025-05-31,8883.695670556575,3.626371624232557,3.416699395080738,542552.2629803827
A00387,H2,1,2024-10-11,9036.208861462988,3.6485900620854164,3.254794152485722,69484.83423228728
A00249,H1,1,2025-02-27,8193.218152884592,3.778225797951108,3.3458018835276846,139622.19223132066
A00472,H1,3,2024-01-12,8373.561482671297,3.9110150564954416,3.3405971255297535,174961.19862711465
A00427,H1,5,2023-09-15,8082.902985511943,4.035482479927232,3.397244995670279,265064.33835040504
A00024,H1,2,2022-10-28,8877.379704512829,4.013375330384628,3.1580357208819985,131137.44817331474
A00339,H1,1,2025-05-29,8440.003432080675,4.289047017021285,3.04075610464145,106963.38202600906
A00307,H1,2,2023-05-07,10591.579366935817,4.21950794858174,3.1238573300345904,97205.83771530139
A00284,H2,1,2025-07-29,8113.4350413084,3.45097520092328,3.0148007382178745,166170.26647273343
A00664,H1,3,2025-04-10,9608.556598562373,4.254573972389346,3.2108483428065484,366653.8256573588
A00654,H1,5,2024-02-23,9344.447402944703,3.611872107976623,3.0754237558940307,370441.8377815972
A00522,H1,2,2022-09-11,8918.611740793402,3.8435901675292063,3.3511319952829433,104741.99023623925
A00059,H1,3,2024-12-25,7461.129928138038,3.793288318325385,3.4037637373573286,217894.8218381436
A00137,H1,1,2024-05-02,8251.059597659594,3.896553965589533,2.8842520257921334,148814.58701173658
A00590,H1,5,2025-04-21,9689.903971171667,3.714586435150276,2.901485915153292,162500.83545835313
A00230,H1,4,2025-02-20,10185.094761543565,4.204333345858587,3.243149177780438,209154.705525438
A00256,H1,5,2023-01-27,10495.950690911644,3.7148853809928104,3.2065052289107734,283135.0449261873
A00208,H1,3,2025-03-07,12177.872708521638,3.5803518091658164,3.2383539853210856,184684.3566660381
A00393,H1,3,2022-12-06,9405.122599818376,3.5710165353521566,3.637039458596091,131451.8655900665
A00624,H1,4,2023-06-30,9285.876382925491,3.7361390843325872,2.971027758161935,136218.82636222677
A00605,H3,2,2024-06-24,8202.89934162497,3.5753898833114794,3.5096554709221257,89031.49888589597
A00758,H1,1,2023-04-10,8766.2248977726,3.5057972497648824,3.004452305422536,251261.3752496527
A00798,H3,3,2025-07-25,9160.70118054863,3.917896201961472,3.081939258804778,83539.40082138828
A00223,H2,3,2025-02-24,6987.174168996839,3.962188824470966,3.0634729681476216,198525.35418045687
A00081,H1,2,2024-03-13,9828.629215741614,4.246857332035287,3.058820720423721,149262.4708918538
A00193,H1,3,2022-12-27,10723.236611626939,3.7419901151223045,3.6224868072931997,535903.3333934669
A00576,H2,2,2023-04-02,8231.505672660318,3.471999996355552,3.4761554044943743,176801.63145012653
A00770,H1,3,2022-01-02,7559.4469971968865,3.8023594213857494,3.11445158694522,260207.20977011567
A00172,H1,5,2022-02-03,8062.874988785282,3.9976607699992184,3.363291630194209,316635.3785156318
A00329,H2,2,2025-08-31,8577.742431333625,3.6144333407105886,3.2810512939093135,151211.0297288632
A00762,H2,5,2024-11-18,7830.663755698199,3.543943682225489,3.185141034263322,71771.04807265392
A00749,H3,1,2024-06-03,7283.31773610252,4.018441563514049,3.239289904908387,283786.93068356795
A00299,H1,1,2023-09-02,8517.655672723356,4.028057826533011,3.1759598381913463,204728.0415115306
A00331,H1,2,2023-09-07,8794.568030207387,4.062919968307262,3.26097577763806,373608.15494619246
A00415,H3,5,2024-04-06,7452.871208989258,3.4543162763929303,3.3618791368827776,149624.37968155037
A00169,H2,5,2025-07-10,8333.326262722321,4.212592291954761,3.1176089726242533,67853.77045906146
A00592,H1,1,2025-04-11,8423.604555078045,4.061496044939197,3.444795519507875,109709.26208705934
A00793,H1,2,2025-06-29,10026.007172723444,3.497347474822268,3.04688158546515,32745.884534865374
A00181,H1,4,2024-11-09,7923.817346691544,3.5754744117276682,3.163967395737838,100207.18914264189
A00208,H1,5,2025-07-19,11283.308748501979,3.8449957424922685,3.4507724793574504,91163.22926627309
A00639,H1,2,2023-04-05,9712.789282625272,3.6548864688728333,2.8982311503841744,425068.5209154487
A00581,H3,1,2023-05-03,8879.219045406526,3.6178464093651783,3.446229886064319,96601.92738928177
A00743,H3,4,2022-01-23,9568.76804485526,3.7775647153176677,3.345151009879825,234630.62246686642
A00641,H1,3,2024-11-19,8269.508634384987,3.999793539194997,3.257591265845407,117034.15118613816
A00545,H2,2,2024-05-26,9194.708502809846,3.879379544625724,3.1788920593845513,55168.46735995511
A00467,H1,2,2023-12-14,10050.906415186213,3.8004917003902743,2.855342828583205,59479.902795170485
A00202,H1,5,2024-11-04,8295.02662566368,3.804386022568033,3.362537486727983,91699.65584002892
A00193,H1,5,2023-06-07,9796.636953432828,3.783098247995218,3.3685696516630763,386801.2278703252
A00129,H3,2,2024-08-19,9237.153069910137,3.9222785840607624,3.0576552269171735,170531.68528023222
A00553,H2,2,2024-02-22,9580.391322126068,3.8365723865271293,3.236934349484701,143953.28146443292
A00713,H1,3,2024-01-03,9130.80114231725,4.5142023728675,2.9963200158162433,105614.28616291811
A00320,H2,5,2025-03-09,7896.0730725635785,3.9064805744965274,3.2947109317083774,183239.98312037942
A00581,H1,4,2023-09-18,8998.93674600542,3.8985043623734974,2.914461634212614,159188.82865919618
A00359,H2,5,2023-02-16,7527.894129324158,3.901218071679769,2.9446176347963906,163957.3049354003
A00232,H1,5,2022-07-06,9813.648855475567,4.1373007844176355,3.5307508838502324,94342.52758701482
A00779,H3,1,2024-02-25,8735.785611750896,3.676665571350007,3.082545974324923,216874.1463334897
A00271,H3,2,2022-10-06,8619.57777196688,3.9317166464249755,3.3046775335930945,207565.88302874618
A00215,H2,1,2022-11-13,6688.429569511818,3.767181631228403,3.0009076311077947,177089.72139133638
A00007,H3,1,2023-03-17,8773.986030960445,3.2830692670583685,3.1560201132140464,186670.43636318797
A00417,H3,2,2023-05-15,9836.683686860457,4.050749225112681,3.317377280926618,254666.2534865705
A00400,H1,2,2023-12-12,9539.97748229141,3.691907403396044,3.477427001952816,373743.95093984104
A00316,H1,3,2024-11-15,8701.711699161093,4.16924341518754,3.347903296466454,182689.11791305334
A00336,H2,5,2024-03-06,9652.058883031656,4.144721674901552,3.543588197903431,229464.81967231727
A00772,H1,2,2022-08-03,11319.567560019555,3.6328471023894284,3.239347316876161,350285.9795137691
A00679,H2,3,2024-11-22,8287.524418810235,4.106031358958793,3.0347418469111234,133296.30412492563
A00741,H1,3,2022-05-25,10373.165983867708,3.9642662285442154,3.1775624419776998,310951.7344825453
A00588,H2,2,2025-07-19,9662.811325175926,3.824918051886709,3.0163846652214112,102324.2225506496
A00760,H2,1,2023-01-16,8339.921580432658,4.2445040192018215,3.474490045126462,136365.0749971393
A00752,H1,2,2024-11-07,7787.960485606525,4.0281075296232585,3.4346236031620236,34990.97780066956
A00602,H3,5,2025-05-09,9320.296392934279,3.671063353843957,3.1002144576446913,232046.2821750936
A00407,H3,3,2022-05-08,7844.1962719514295,3.9888172893925993,3.2954535838570984,260892.57538612868
A00697,H1,4,2025-07-08,10802.31519736248,3.469260309001382,3.4752629276525124,331271.44624496164
A00524,H1,5,2023-02-14,9250.84146971195,3.52624008079215,3.0768950802243524,220848.26212916538
A00154,H2,2,2025-02-07,9830.205115793093,3.9135758264349514,3.5217795258238787,211054.66151035135
A00171,H2,3,2025-06-17,8190.998995185189,3.7695638857222713,3.2429831017190445,129591.25774026259
A00284,H1,1,2022-03-11,9239.798815128617,3.8057640296946653,3.1175685856278776,289729.27097476996
A00419,H2,3,2022-06-04,7822.211628765067,3.8088426535868605,3.2142916103322525,106267.0349487951
A00540,H1,3,2023-05-26,10453.310706972596,4.3966770402329685,3.4439082226690036,147188.19776266953
A00437,H1,2,2023-04-01,9081.697487424719,3.6701132727604664,3.191263578015176,141074.34746045657
A00338,H2,2,2024-09-17,8290.778473353781,3.7600819792943794,3.2148126651838114,451461.2384417494
A00102,H1,3,2025-02-23,10351.369568104517,3.818717992938815,3.0315885986063438,430724.25737296435
A00251,H1,3,2024-02-14,10019.93714156787,4.000202637257442,3.5572344263501194,210107.35563099425
A00335,H1,1,2024-07-01,8845.480810878003,3.526729097996052,3.0640093790793848,154696.83468148616
A00438,H1,4,2024-03-16,10240.706618731569,3.6451427558504252,3.48034384282081,121444.41116396304
A00240,H3,4,2024-07-25,9860.179435526688,3.8001325518832747,3.2226982078432083,213944.34379133396
A00545,H1,2,2025-02-07,9989.2117955205,3.5750823229977975,3.051998172325098,247816.5891877061
A00185,H2,2,2023-12-23,8259.185845225658,4.244079824510145,3.4130818769627096,116527.62699651188
A00525,H1,3,2025-08-12,8963.58719248764,3.8762158164854714,3.3314015348462642,141480.20577586425
A00358,H2,4,2024-06-09,9005.81171317415,3.693433781830554,3.291748751553146,191928.83410520677
A00628,H2,4,2023-02-26,8467.199059244293,3.8997204514870165,3.5149011941207577,164364.17923753138
A00102,H2,3,2023-02-10,8580.655410332698,3.515794644371643,3.4856097681765634,167769.62872854856
A00089,H3,3,2022-09-28,8225.891448025739,4.127917494204208,3.213596783899529,164655.38956731174
A00563,H3,3,2023-10-13,8951.422344153656,3.4114802947448446,3.29548536797997,145937.44268556172
A00525,H1,1,2023-11-20,8803.526973448079,4.184335806419039,3.0376886658246804,122161.49425628681
A00648,H1,3,2022-07-31,12080.964952684266,4.003533881029177,3.4535688033259047,124760.02084055428
A00227,H2,1,2022-01-27,9030.410022557146,3.901706963707294,3.3225852467077983,131897.96905830808
A00556,H3,5,2024-11-19,9126.928773146381,3.548439587582193,3.387221660697661,101514.59240066446
A00051,H1,1,2025-04-30,10285.212135109794,3.7454813427547133,3.282150131361061,215851.61167819428
A00040,H1,3,2025-06-12,9303.449561379532,3.74006924962919,3.450162627664623,104742.48911164986
A00015,H1,2,2024-02-19,8394.379057498054,3.97979235960661,2.995567622243615,218653.96047314676
A00227,H1,3,2023-02-08,9934.553440932508,4.0817376044926545,3.1047462229559284,104202.38757139184
A00769,H2,1,2022-05-25,6229.563444077329,4.303851590945693,3.3451396270386997,227872.5523096036
A00289,H2,1,2022-02-20,7945.21373996899,3.9359829235458346,3.210615807352709,173028.95000480866
A00657,H1,5,2025-06-30,8235.622552533521,4.411392356334797,3.6528307542976624,399516.4917682375
A00595,H1,1,2022-04-07,8812.462213771625,3.4616206144386727,3.520576254525524,295281.74603360257
A00147,H1,5,2024-10-18,8582.208087819892,3.394713603778122,3.420114553471236,57320.01782754172
A00286,H2,4,2024-02-22,9572.70871530207,3.716550153671992,3.4008740389765664,70110.46943290284
A00569,H1,5,2025-04-12,11037.124944675714,3.3039133294180187,3.5736746337961325,523634.66688160977
A00442,H1,3,2024-07-11,10450.263465092614,3.721402745044488,3.2927740960675043,148856.33762397582
A00719,H3,5,2025-01-03,8774.31271796161,3.5557779659031397,3.331311282212233,113033.91634305361
A00508,H2,2,2022-01-13,9972.208208773625,3.3519917860290427,3.165334657544693,152512.79081728074
A00126,H2,3,2023-05-11,9368.387932569909,4.164172212729065,3.108696327051963,132017.17237050357
A00019,H1,3,2023-06-12,10169.508125510816,4.181943223878554,3.185198495684216,96189.48492139275
A00698,H2,4,2023-08-08,9514.8357139441,3.7035304718111886,3.1290779980040546,202315.9005339787
A00288,H2,5,2024-06-01,10040.441341106503,3.701815605442608,3.363743739980426,167063.2892821072
A00336,H2,4,2024-05-30,7806.15480709425,4.0521983848105325,3.2342170739575766,240891.09430561433
A00307,H1,4,2025-04-08,10388.470961157587,3.774187742647371,3.4185572703039693,134789.55743505005
A00582,H1,5,2022-03-09,9743.371751886061,3.756497200314931,3.291836970531073,306846.2853678113
A00189,H1,3,2023-06-04,9903.324977172571,4.280852689234575,3.466311405587119,157319.31340196833
A00005,H1,1,2024-01-06,8564.945947851029,3.9273494468871535,3.403110446122443,235136.88460450535
A00154,H1,2,2025-08-19,8463.463377720496,4.18409618435798,3.5133902194128317,175718.5352732555
A00304,H1,4,2025-07-22,10787.07247499688,4.032017131357931,3.0110161100610577,500956.8368988691
A00121,H1,1,2022-02-21,9310.39125757783,3.780434990408105,3.309399163719813,234318.05429534236
A00452,H3,5,2022-04-14,9042.438731211254,3.6666530361807563,3.276297241431832,66996.43653413809
A00195,H1,5,2022-02-21,8746.536996428214,3.5579339076704866,3.2528374641553226,210030.96501670036
A00280,H2,2,2024-07-09,9338.882158853969,4.175588867818998,3.286926043715625,56302.92753307791
A00495,H3,4,2023-09-07,8643.235470434242,3.743416141741966,3.2672589326695114,168542.27120039501
A00197,H2,4,2023-11-24,10230.58826409869,3.7705860853033792,3.186975380684566,100396.31508797647
A00467,H1,3,2023-10-01,9912.413781610037,4.02168683854042,3.175654361497398,129545.90010844212
A00287,H1,4,2023-04-16,11132.74069882195,4.051311157432005,3.2563271042902917,170113.63291393296
A00483,H1,1,2024-04-21,8932.19630032883,3.77700193464333,2.985500493150457,146678.2286242912
A00576,H1,2,2022-09-25,8967.817828221798,3.7697617498209137,3.139005314813596,261553.11851721813
A00233,H2,3,2023-02-06,9505.459807845229,3.901053784004743,3.152984768509763,86477.21864987997
A00601,H1,5,2023-05-13,10846.497629696527,3.7689431875187016,3.240426672690926,662410.9792278906
A00768,H1,4,2024-10-29,10083.083138317545,3.922371816352813,3.2848913429938915,159307.43169079264
A00430,H2,4,2022-08-21,10873.003531124024,4.102670477240889,3.3047052440004347,250668.957188447
A00624,H2,5,2024-12-20,10204.191845276076,3.6072834569761554,3.162954104303832,555273.4918189571
A00437,H1,5,2022-11-22,9361.762235860038,3.9115450705813584,3.1950116402212183,264057.8951732791
A00730,H1,3,2025-01-19,10587.824604275273,3.8176128405539176,3.1611906156640224,274887.132574873
A00216,H3,1,2024-02-13,8228.540428633885,3.4978813010239413,3.088813436113834,161601.66243450006
A00395,H2,4,2022-04-02,8441.443398770944,3.9137649642283026,2.895824944595458,81751.89225504143
A00144,H2,3,2022-08-04,7568.4917172426385,3.807932299633885,3.5451143228345363,409401.2321450342
A00189,H2,4,2023-08-06,8011.4231142799035,3.771632511402481,3.4710924082479626,214955.4115818641
A00263,H2,3,2024-02-05,7396.822555997248,3.61176355039169,3.101699521953775,157217.10887247178
A00240,H1,3,2025-07-25,9641.448461558884,3.9850327417395555,3.276879584698429,126472.41284823598
A00225,H1,1,2024-12-15,8148.506039326397,3.8351493173318305,3.4591431813483857,77399.38909505923
A00277,H3,3,2024-03-21,8241.723766162007,4.346981749217344,3.1593969948075125,111066.66428479292
A00760,H3,1,2023-06-10,7676.745145131893,3.7667782988444,2.614742208455727,155233.61809007093
A00469,H2,5,2023-12-16,8679.992085724145,4.004057270418489,3.051717619519935,237707.4461517907
A00766,H1,3,2024-02-17,9680.053594209152,4.200118111799444,3.2825809966115522,368163.8864707121
A00751,H2,1,2022-01-26,8589.35092285037,3.8541707071648537,3.369068512106351,174352.59660018017
A00144,H2,4,2025-01-13,10802.875237493688,3.6540491444359704,2.919658226239894,202396.17420967037
A00154,H1,1,2024-09-30,8089.248665209724,3.7827870071640817,3.2319784869514145,362305.45591179264
A00478,H1,2,2022-10-11,8226.814603622579,3.8848074804148998,3.0467029598756237,58747.77041621037
A00020,H1,1,2023-06-30,8969.457050081965,3.897030411048875,3.3584354894744353,215613.02207813927
A00073,H3,2,2022-01-23,8560.683618614567,3.929476047044533,3.1761178136129775,153293.8821910892
A00039,H1,4,2023-04-15,11151.551114837192,4.13174656307028,3.228658452465142,133194.11715945226
A00393,H1,4,2022-07-29,9214.966684096835,3.511682776822368,3.289821317560112,164409.08140204914
A00235,H2,4,2024-08-21,11097.397872457468,3.858112861304976,3.014161049131006,107060.2937799964
A00602,H1,5,2023-03-14,8637.686393052662,3.7755060292976506,3.2210127494567042,114636.10528485259
A00558,H3,2,2024-09-05,8219.956410981078,4.100631891911975,3.0044805245241317,65209.470633709
A00192,H1,2,2023-11-17,10444.729751475246,3.699464479840092,3.1641951871064014,131765.59135967144
A00564,H1,3,2022-09-27,8289.560830805,3.7070697222057194,3.46194311552836,158410.67965680396
A00695,H1,4,2023-08-26,8910.00023785665,4.204988894870616,3.502649256022018,155126.71047915393
A00564,H2,2,2025-02-16,8953.230485410651,4.039031978693764,3.3764145016638425,329375.4560965806
A00226,H1,5,2022-01-25,8316.15551330202,4.016583598935308,3.2458698334671063,177547.9738108275
A00212,H2,4,2023-11-11,9759.726031520098,4.172426009185359,3.149799695396185,209088.9160375075
A00557,H1,1,2023-11-18,7191.175116205166,3.5246006622223516,3.109423248792717,41563.91903185637
A00173,H2,4,2024-02-15,7371.1190871153085,3.3440322862448997,3.2495785501263477,489277.2358918556
A00002,H2,4,2023-05-20,8901.700605935242,3.8138098148222164,3.4686430928007277,121883.3349114151
A00616,H3,3,2025-03-18,10076.097365897847,3.628687776653828,3.5032013576129755,176763.3193284564
A00313,H1,1,2025-06-11,8314.194978737296,3.849579297376257,3.170333757161914,266763.61566794117
A00260,H2,4,2023-11-14,7501.224855252435,3.954492689388485,3.04272922395278,179591.84701519983
A00478,H1,1,2025-04-22,9281.94095230322,3.8895758842726313,2.762248646299429,123527.04866124514
A00659,H2,5,2023-02-06,7792.109875165423,3.7125686751718066,2.9680993335325603,373368.67606155
A00372,H1,3,2022-02-10,9979.211287341184,4.1951577750873685,3.468038535056825,300504.31464443175
A00691,H1,4,2024-08-05,10219.683261148739,3.8023406326020095,3.1867751946098366,296078.09554651607
A00359,H2,2,2024-06-09,8935.303738242777,3.8877332691136743,3.33758781959475,109641.44803785844
A00209,H3,5,2023-08-17,9939.460290625386,3.687734593688852,3.23408226224039,70713.8856967172
A00389,H1,4,2022-04-19,10463.800618099944,3.954999187517498,3.200127524733063,141228.7716326415
A00252,H1,3,2024-01-28,10422.26887999344,3.4044314806481895,3.3732888410263633,54937.59013569619
A00721,H1,4,2023-05-15,11034.03343217831,3.5607197364619125,2.952965819446231,162494.89388891542
A00072,H3,3,2024-06-24,7129.9826452196285,3.5409397568542187,3.146460711324259,242734.61553091847
A00315,H2,2,2025-06-24,8987.803224074507,3.1931729388012107,3.3203535438193406,362483.71082539955
A00737,H3,5,2023-11-05,7862.928386073943,4.2834535996864185,2.994988683760456,75333.92444632492
A00383,H2,4,2024-07-13,8093.716206927881,4.181992794680753,3.332990076066125,119289.65312619059
A00104,H2,4,2024-02-15,10599.926580678899,4.02340838615236,3.1562377189006177,110263.24300828934
A00102,H1,3,2023-05-09,8170.012194247862,3.9874450652455478,3.2281813351497486,80692.15804036277
A00439,H2,2,2022-02-07,8503.069014530054,3.675052183961,3.2371338711408417,81556.440085375
A00422,H1,5,2024-04-01,11115.090057274796,3.809980007730495,3.15121780678652,430817.54146035854
A00302,H1,2,2022-08-22,8231.06996425904,4.027823671198412,3.3550024719096285,321253.4851668398
A00385,H1,2,2025-01-15,9451.690948565667,3.6343324203232346,3.629797374535005,60016.40399567551
A00634,H1,3,2023-07-08,9848.26395989841,4.099825924925551,2.8907555090550474,111153.07627191428
A00677,H2,2,2025-08-07,7589.9347556113935,3.480545288491838,3.3425245368930523,283646.8292459309
A00556,H2,2,2023-06-24,8931.86546199229,3.5263236292784375,3.3516804532392355,216695.40601281187
A00226,H2,1,2022-02-05,7364.510132559366,3.972585040342295,3.2497514055588987,112279.67169472206
A00754,H1,1,2022-02-13,7561.107293222715,3.601628516298395,3.190820880759095,395000.0150647212
A00756,H1,2,2023-09-11,10527.660151199154,4.187355054245921,3.0386785013159243,33041.367325440486
A00552,H3,3,2024-09-26,7916.672029901797,4.237994776165741,2.8489721687529936,120277.90325862798
A00377,H1,1,2023-03-22,10065.36698269622,4.0885559138583485,3.006900991225739,251692.14985976237
A00171,H2,2,2023-08-13,8421.468281483394,4.059497322505194,3.217582125823736,69374.9629923831
A00100,H1,2,2022-08-08,9305.109173354222,3.462003461718478,3.5894002426415397,274010.40373116103
A00462,H1,4,2023-09-14,8391.597180436242,3.9306691091342416,3.010468161365062,143784.37247860275
A00342,H3,3,2024-10-18,10190.939048997358,3.8148064735711382,3.28733316737221,44871.70318353498
A00094,H1,2,2024-05-20,7692.404432223483,3.9017844791642697,3.315980584638944,324048.27221594023
A00207,H1,4,2023-11-15,8560.574998919006,3.5757337402828604,3.382607598000395,29388.203168793054
A00022,H2,1,2025-08-18,8960.773623741485,3.389550416612228,2.961641887622862,355306.48988963134
A00501,H1,4,2022-07-04,8585.058008102797,3.8751954322375575,3.0437312376987826,305746.8779636647
A00772,H2,5,2024-09-17,6424.505392428333,3.3788839713644148,3.5298751295848847,80892.42520783735
A00130,H1,5,2025-02-04,10747.401170683836,3.80010326970904,3.177159963460114,156586.3963802557
A00744,H2,1,2024-12-28,8459.878043726489,4.332901326639646,3.328992786994377,299262.9513757113
A00478,H2,1,2024-12-14,7594.925156552225,3.8988633158241393,3.3739326276606714,154556.01704521055
A00771,H2,2,2023-10-16,9594.709585602042,4.24084020443251,2.9913455264555413,341314.78167425806
A00377,H1,3,2024-08-23,10046.016626898978,4.15830504137768,3.0423562062972467,110289.46037127172
A00163,H1,5,2024-04-08,12590.55766718476,3.95483017713147,3.117664641130783,68905.10689831804
A00344,H1,1,2024-09-05,8938.673886759037,3.9630054089460565,3.166629723185508,493542.1681652618
A00201,H2,1,2025-06-22,9135.41080698055,4.1193941303858,3.327129366218783,281795.86182682513
A00738,H1,3,2023-03-06,10694.182409071209,4.228221668688383,2.9496815213988623,87036.31320538344
A00041,H1,1,2022-09-17,9459.400343112418,3.70590618811239,3.1725657999798558,78740.1260027403
A00082,H1,1,2025-03-31,8285.396553377008,3.6655804555538753,3.2012191387200892,126567.11295834529
A00613,H3,1,2022-06-28,7392.847985644487,3.6526010560396354,2.943213303208128,58429.187176764986
A00522,H2,3,2022-01-19,10332.8102220946,3.3533338682761205,3.151166175757213,66055.8679786893
A00739,H1,4,2024-07-07,9534.902923595933,4.213807099098078,3.3324221674914236,95066.83595527665
A00449,H3,5,2023-04-07,9077.45487368254,3.92883503851819,3.0039112539102786,166621.52857571858
A00348,H2,1,2025-08-23,8572.574672696403,3.7242016616550617,3.41799940375552,88836.50237443222
A00376,H2,1,2024-05-04,8839.485173131545,3.782464762065711,3.102121640891182,190430.6297093932
A00130,H1,5,2025-01-05,8390.340428033407,3.952314187153215,3.1497359328877526,147076.12475708895
A00439,H2,2,2022-10-02,8983.28946979257,3.5964974262803135,3.167553004771663,219819.88620090287
A00782,H1,4,2022-03-29,9706.661479244045,3.5976793676876553,2.91665001660182,205014.5318444302
A00622,H1,4,2025-09-07,9748.516819621716,4.120795728711294,3.357263988417218,116819.87129695964
A00124,H2,3,2024-02-13,9523.637313485042,3.7549663424706083,3.0551226896579036,193300.94382188955
A00411,H2,1,2024-11-21,8275.484930875959,4.219812371936526,3.1376118187767887,323596.17098873464
A00433,H1,3,2024-01-31,9537.988105708726,4.265240763515208,3.334426459614296,88612.40236952866
A00800,H1,5,2023-11-04,9964.524106415822,3.585489899655177,3.2249336838057103,169482.39951547072
A00270,H1,5,2025-08-31,9071.740602577273,4.147712761064522,3.18426156372901,274538.59728074976
A00011,H2,2,2024-07-05,10028.686080692829,4.192549430147418,3.1108067716589214,87947.699362004
A00150,H2,4,2023-08-11,9860.353579616129,3.663974454596497,2.8962233647235767,68716.17618588718
A00421,H1,2,2024-08-18,9084.311222262691,3.5019758709390016,3.5451890212358075,549891.4257191424
A00489,H3,5,2024-12-01,8635.336044010968,3.559899067000787,3.194323191630188,442622.335599243
A00449,H1,3,2022-02-16,8996.452467154257,4.136547344416216,2.662611993545675,115002.84890890127
A00438,H1,1,2022-12-04,9692.178687225345,3.496990121780121,3.6268275976787447,63859.15783248614
A00551,H1,5,2024-11-22,8724.973638574542,3.747658267581041,3.2439676976811436,169980.88868224763
A00443,H2,1,2022-09-02,7030.452984838808,3.5956720743855257,3.043004566114821,116575.87475311999
A00759,H1,4,2023-12-22,11346.04853486173,3.2973867465700204,3.334481373918554,150578.93582311156
A00486,H2,5,2022-05-11,9210.362964644488,3.6139826967703788,3.360462396283802,48584.74840474635
A00427,H3,2,2025-04-15,8456.067805277833,3.7418667001383183,3.2213446777740913,326691.9083219284
A00161,H1,2,2025-02-10,10196.529554063747,4.018332291514371,3.0834710699595003,70397.35671265404
A00497,H1,4,2022-04-23,8335.517345366312,3.669775533086398,3.353077307618273,153802.52310770546
A00510,H2,2,2025-07-18,7659.760665747535,3.2927090702929345,3.2393956996904847,75941.24408546936
A00773,H1,5,2024-05-30,9227.01568730648,3.639397241950805,3.327878107464344,123993.98114031368
A00343,H3,5,2023-08-01,6880.812140651798,3.756972642137907,3.021543177154728,66730.23721074907
A00473,H3,3,2022-10-18,9979.72707518124,3.839929096098885,3.242108326415507,80622.33576267424
A00745,H2,3,2023-09-16,9286.254670381617,3.379303636140155,2.955641116321155,76594.375175079
A00457,H1,1,2022-12-09,9570.136430422042,3.6200025369578555,3.3534402112866415,140093.90708768246
A00325,H1,2,2025-06-13,8996.414133456306,3.8604997717860225,3.2266845305312692,136786.65550957387
A00110,H1,5,2024-02-25,9531.584184965868,3.649321406569646,3.0663408038240676,129828.63487881106
A00314,H2,3,2023-11-13,8638.705143326131,3.9589533155471917,2.8185875614994966,242028.20951717932
A00770,H1,2,2024-08-26,8871.889912118315,4.392531035732711,3.551935484802568,229184.63557362222
A00393,H2,3,2022-02-23,8965.972850930963,3.5958326665943194,3.2778645561954387,113065.72518464651
A00221,H3,2,2022-06-07,8849.381471874509,3.580225694121489,3.176265550795175,180081.79165820577
A00565,H2,2,2022-08-22,8350.495013067391,3.68235687849727,3.2221806595863534,94626.1047344664
A00418,H2,5,2024-06-13,8409.188280494433,4.197460558475746,3.3247431860610916,119224.46233678362
A00009,H1,4,2022-01-31,9413.664483375998,3.538301522522529,3.319723728638995,110749.14319738146
A00524,H1,1,2024-07-23,11287.639938537997,3.6843462124564965,2.877638148300551,57436.277249342784
A00768,H2,2,2025-09-17,10056.631063346105,3.985397499960636,3.215893576422504,128299.51915974471
A00648,H1,4,2024-09-18,9761.642370706422,3.6807979245503257,3.218642731535264,492450.2138778273
A00168,H1,3,2025-01-15,10236.967147547546,3.9183394359994255,3.2695658020027123,256998.35119506676
A00277,H2,5,2023-06-21,8311.567044152014,3.896389701387118,3.237938571435745,124671.43382947822
A00469,H1,5,2024-06-05,8608.596218165463,3.8827988723358486,3.7123457534362334,84201.59779044747
A00755,H1,1,2022-01-14,10208.355522482592,3.638195760592159,3.409130143169254,108844.21420782896
A00593,H3,4,2025-05-01,8768.25478268412,3.407873040490601,3.523288404297781,59904.59418737597
A00595,H3,3,2024-06-24,8394.604246368533,3.420403007533099,3.6171935488129527,82241.08643817448
A00265,H1,4,2025-09-30,10354.840631996565,4.027577287991645,3.3332234429207905,91336.88204364906
A00457,H1,5,2025-05-09,10133.30012113523,3.557919521285349,3.6132599002160406,95118.66920803388
A00024,H1,3,2022-03-18,9107.02721620044,3.607369195583936,3.1754337356521307,83367.31089528881
A00367,H1,3,2022-03-07,9076.968818453803,3.7517577839706826,3.428710998165333,170640.84025039017
A00473,H2,2,2023-12-25,7928.810714474852,4.126712805918086,3.3455013621636964,89448.49535515317
A00061,H1,2,2025-08-16,8561.608183235927,3.965075257804045,3.1982434802588235,522871.60702931427
A00130,H2,3,2023-09-23,8721.384023744838,3.9494477211323957,3.1872101149848415,398935.96868812566
A00324,H1,4,2022-07-12,9678.412079041445,4.285066606840214,2.991924939909379,451966.4677549773
A00007,H1,1,2022-03-11,7401.04090931336,4.0134141863964095,3.0631072689376264,165974.78742165514
A00149,H1,2,2023-08-05,9146.788823796012,3.524158347520996,3.1800957203887843,702783.9151634561
A00174,H1,5,2023-11-16,9121.738278498882,3.8825126880484095,3.1745674527137635,206163.76146780216
A00246,H2,3,2025-01-18,9694.160156276443,3.5078395616089004,3.3812231055152573,148720.2354603689
A00522,H1,3,2024-05-23,10447.08272868276,3.7878214176873506,3.5831951589712276,285266.2631302122
A00069,H1,1,2023-05-24,8143.465788880429,3.544685349292407,3.578632855637877,149074.54733728134
A00283,H3,4,2024-08-20,8617.857957183875,4.076634829648111,3.3060924560214278,79538.00740722993
A00239,H2,4,2022-02-03,8900.518951144539,3.092623674437741,3.3641919264090405,159372.284588806
A00368,H2,2,2025-09-17,8572.9539765268,3.9157902177818196,3.365041199146003,130583.9534102178
A00515,H2,4,2022-07-02,8744.474824310973,3.849603893726841,3.005310444671105,172477.41140908588
A00718,H1,4,2025-09-02,9225.926659840536,3.8062207618321247,3.5397340664156367,139824.67235401837
A00600,H1,1,2024-10-05,8864.46646407865,3.658696988852994,3.137037651507549,150059.25043903833
A00769,H2,4,2023-07-03,10118.376964649564,3.388276879487834,3.1027294867779607,113548.79562657708
A00069,H2,1,2022-05-28,10843.688993328531,3.6835816759293345,3.1751688314184348,213529.99262447338
A00325,H1,1,2023-05-23,6466.264033205407,3.880808307537886,3.2171750273254975,321621.0291292073
A00529,H1,2,2022-10-24,9083.516756775101,3.3272292892158424,3.0320347896640643,219628.80580056817
A00679,H1,1,2022-10-18,8290.537777090241,3.7311218754030535,3.4220527448703772,224593.69167918994
A00487,H1,3,2024-04-11,9565.306912038086,4.183770208825179,3.0620428928416477,78422.32498142809
A00402,H1,4,2022-02-22,9849.371005700548,4.1179631821637175,3.23930008630812,155130.1841079792
A00353,H1,2,2025-08-16,8723.297601237366,3.9686073599608545,3.2447281943564854,117477.5138420932
A00076,H2,5,2025-07-06,8459.705052199493,3.373138943834376,3.242376471131719,222464.0244883208
A00730,H3,3,2023-11-11,10138.256002760721,3.827054400407633,3.422050043154559,232612.3967798672
A00554,H2,4,2022-02-03,9157.7632127239,3.4682354894096226,3.3694693738633754,239599.12341269446
A00680,H3,3,2024-03-25,10849.7687916569,3.9549634950816333,3.2911859065489533,65342.6799834155
A00456,H2,3,2023-10-24,9164.867610135363,3.9179333972125336,3.232480472283068,262866.79172824405
A00312,H1,4,2022-08-05,10570.32294875527,4.317512127114053,3.3817530409093113,412223.26489039866
A00280,H1,3,2022-05-27,9811.879598978907,3.6544106329956594,3.157256756056258,76964.44411371512
A00123,H1,3,2022-01-01,9379.18516614888,3.708329060790677,3.340910142315933,239584.02789093883
A00207,H1,2,2023-05-02,10531.687385668896,3.5062166903778507,3.348547630088047,395749.2538487233
A00287,H1,4,2022-06-17,9871.97704342901,4.034468147658023,3.377585712757982,579276.4149245443
A00193,H2,4,2024-11-19,8766.715780735243,4.109944577151759,3.2429162691441653,162338.16702385363
A00032,H3,2,2024-01-15,8258.67169219035,3.867791574209194,3.110578306151884,265750.58650265087
A00264,H1,5,2023-04-19,7961.20730721829,3.848953561092059,3.7717841104407137,320653.32687584177
A00162,H1,5,2024-12-14,9900.436585192494,3.5079029398167845,3.4965326564262287,135663.94267410962
A00748,H1,5,2025-09-26,8421.004277267899,3.4232574988038866,3.308131952722008,44011.03695688446
A00262,H3,3,2022-10-08,9222.740071274278,4.060589016431319,3.3616632457365094,637042.2547542666
A00124,H2,5,2024-08-14,9622.46489754599,3.7846062809873757,3.559392078299928,109086.9991112367
A00027,H1,1,2022-10-08,8472.34059593813,3.9856105844649807,3.297027589755255,185714.04574428865
A00579,H2,4,2024-04-26,7865.840680311537,4.010487083133156,3.0276704850084135,131636.85869632396
A00723,H1,4,2025-01-26,8089.368375356572,3.82703798119373,3.332754045900788,154755.26903146412
A00462,H2,5,2025-02-07,9750.988789114695,3.665728470095378,2.9334626924345204,136391.28627527613
A00390,H1,1,2023-04-05,11001.979790725618,3.6405296013658344,3.265661953742635,72179.48349425854
A00496,H1,1,2022-04-16,11436.831828660632,3.726165707745326,3.160996739684915,268286.87086672854
A00299,H1,5,2025-09-09,8032.793103068476,3.903477252373665,2.911352953170701,257664.49788782286
A00280,H1,5,2024-12-18,9659.485005053186,3.78476634415117,3.523435061811919,231499.80782853474
A00101,H2,4,2025-08-05,10617.513255308828,3.599233713930372,3.562757637937677,504694.01172227215
A00318,H1,2,2024-05-07,9485.793815322848,4.125541409979885,3.4164118482965353,72153.89663930681
A00296,H1,1,2023-05-27,9186.448009736343,3.379167899693294,3.453486011701763,304987.3226088598
A00376,H1,1,2023-06-09,8993.259148554172,3.5631851441892124,3.3620486721831835,56032.067230493005
A00126,H2,1,2023-11-29,8005.197926876738,3.8680754326379376,3.1330886517574608,465005.99294943566
A00793,H2,4,2023-10-26,9921.216119492743,3.944004353621116,3.3295632219474904,233276.8059976692
A00213,H3,3,2022-10-21,8643.57591764032,3.750581529329524,3.3543657719286775,151812.38289855744
A00168,H2,4,2023-03-03,8168.227276866843,3.89671448359285,2.9119086923746025,184864.17259316452
A00602,H2,4,2023-12-17,9957.700369103135,3.8568449971496044,2.9537811597296257,100203.08607015653
A00086,H1,2,2024-09-04,9823.597348739157,3.960151480178922,3.358472826678355,148931.84475773966
A00510,H1,2,2024-08-03,8994.880207716422,3.519662903668457,3.0978702051171547,158220.78267922543
A00715,H2,2,2023-10-10,8789.941262772598,3.4440669721990687,3.180198542325409,121799.8817994115
A00778,H2,4,2025-06-19,9070.516543037416,3.692420509381945,2.9978106860697022,101430.50366535364
A00515,H3,3,2023-08-16,8547.746419238638,3.736955934004663,2.9402536314723307,207364.06248889177
A00250,H1,1,2024-09-10,9696.243724390693,3.8030212433267483,3.0658039694621393,148504.6285203863
A00053,H2,5,2023-12-05,9320.623871117587,3.9243945686735486,3.1876678647411114,55600.68909306194
A00648,H2,4,2022-05-22,9521.317910480591,3.837789307919759,2.9099894631323204,157477.76988917417
A00602,H3,1,2025-08-05,6008.614707963334,4.1192702655466595,3.3239840801576643,72867.57090386428
A00112,H2,5,2024-06-11,9577.687470413337,3.6780092859130744,3.3985945733282334,51160.88097897409
A00228,H1,2,2023-08-23,10700.139495073941,4.36445055864635,3.2922262842814796,102266.0519343903
A00239,H3,1,2024-01-13,6537.70153612566,3.6568752060046985,3.5082807534010447,80094.66539148509
A00262,H1,1,2023-06-01,8237.74472110963,3.8692410958129884,3.359429116073099,486631.12296051433
A00131,H1,5,2025-04-19,10865.44331070765,3.7127085354254756,3.0116164541028074,174301.17251405772
A00212,H2,2,2023-08-23,11433.552885238756,3.4379016567162903,3.2394935358516928,314356.675311039
A00546,H1,5,2022-07-08,8928.931939633136,3.6755738573405634,3.294626140813421,195706.96008620536
A00333,H2,3,2022-01-21,9606.88481731293,3.6735202396293367,3.5808962283436214,464676.33604050224
A00381,H1,2,2023-10-30,9837.253837039036,4.067738129312871,3.3865037620379925,121267.21845114644
A00002,H1,3,2023-11-29,8211.266771927461,4.011191242393247,3.203125891556966,198244.79617264826
A00432,H3,1,2022-07-20,7796.236376592819,3.9966499336651133,3.214199343360688,62647.06561053398
A00194,H2,2,2023-07-12,8144.027682126549,3.87083309483923,3.232626615442927,41721.87102374798
A00072,H2,5,2022-10-19,8303.622592900927,3.758630861643102,3.4377384587188873,241755.97484907045
A00791,H1,2,2024-01-06,10093.380731374624,4.465369103506037,3.109181314460629,52068.748436158174
A00176,H1,2,2025-06-14,10147.640149108036,4.118732086146589,3.2342870539216904,129827.99599028616
A00625,H2,4,2022-11-14,9988.692637148575,4.114944464225893,3.4451139238953568,135598.3851430656
A00337,H1,5,2022-12-20,8580.172646622006,3.817568745247353,3.1292036393108305,148144.97880711564
A00014,H2,3,2023-01-16,8481.699779475934,3.8000829063140884,3.4218126723885103,259619.67453256296
A00450,H2,2,2024-09-09,9564.226708424078,4.143272033151538,3.326504066919167,49814.88754330868
A00674,H1,4,2023-08-21,10905.31780295467,3.834205042958392,3.2653447788446983,294559.73370389745
A00051,H1,5,2024-12-05,10025.772415076739,3.481932346041578,3.198646330770241,246688.71318760267
A00289,H1,1,2024-11-10,7027.337247152767,4.04242162915568,3.4058452986878995,133577.9616782131
A00271,H1,4,2025-06-28,8879.565770206587,3.673287906237675,3.2841507122557547,258033.3061082194
A00333,H1,4,2022-05-16,10119.698577273679,3.847825407497791,3.151740954915485,317276.8582389437
A00711,H3,1,2022-04-02,6667.635459403286,3.621593530788526,3.342893693741029,181816.23294961927
A00186,H2,2,2024-03-14,8618.174020616163,3.3951440641413027,3.0609004607071255,98341.3109412701
A00179,H1,2,2022-07-03,10622.225726955892,4.234914768242478,3.340775530332389,542071.8858522433
A00511,H2,4,2024-12-09,7474.529822990568,3.6112492443250486,3.3436202018361034,141062.972770242
A00351,H3,2,2023-11-15,8547.946525053643,4.050915622184448,3.2535942249764833,91149.38612385733
A00691,H1,2,2023-08-12,9678.21076468192,3.6498732248510826,2.8520633040432295,192990.8835504878
A00533,H2,5,2024-01-22,8293.44623066316,3.5530248865825476,3.277570943306725,617238.0895890329
A00170,H1,4,2022-03-20,8219.565392964094,3.5694149073118604,2.798032804291515,423502.5904515983
A00022,H2,2,2023-04-20,9411.275908778218,3.412102499375605,3.2105260071548756,439690.21456420573
A00612,H1,3,2025-01-13,10986.659457558557,3.8324790497430854,2.9337879063946906,86148.78717844673
A00465,H1,1,2025-05-01,9060.946336393401,3.7241957339303684,3.3898683873676387,157262.54005515255
A00380,H3,1,2023-12-28,7381.636215428787,3.574167502061032,3.0652659009827636,132167.60581420426
A00484,H3,4,2022-01-25,7168.6653279141365,3.8404177310143077,3.0067746860626565,119326.0007562713
A00024,H1,3,2023-02-24,9727.02210731772,3.669060331306114,3.0934233419390567,97675.5523706232
A00663,H1,3,2024-07-20,11658.499731998865,3.9539948139736834,3.0681980809886666,120375.03788092536
A00682,H2,1,2023-12-26,7075.9507978602805,3.6521134703127145,3.3729304227648984,314338.8232206639
A00062,H3,4,2022-11-18,8590.510693511193,3.998656453078498,3.043989888862292,49592.56686394615
A00713,H2,4,2023-05-24,9430.721234278199,3.862029889794574,3.4188024769345096,247121.57130787004
A00205,H1,5,2025-01-23,9474.11856105741,3.7009473958312693,3.2146427940388893,721649.3443314286
A00570,H1,1,2023-12-22,9587.204310654024,4.040068105665856,3.388123459837915,170642.38351364748
A00547,H1,1,2022-03-16,9147.014984188827,3.821346910249919,3.411022778220657,87196.14403546293
A00752,H1,1,2025-08-23,9287.705775191338,3.6092715281335437,3.165131616129684,131982.26225334508
A00468,H1,4,2022-02-01,9644.049178965795,3.835093091902396,3.1695344276271173,94322.39229527369
A00797,H1,3,2025-07-18,9221.944340264363,3.9546978716816215,2.9882272966265786,111137.04610457823
A00015,H1,5,2024-04-24,9782.48319532776,3.554127947282784,3.1622541906302812,255255.7811328424
A00729,H1,4,2025-02-01,9357.478367544421,4.523937945699728,3.175708337299441,196466.9826013226
A00502,H3,3,2025-06-10,9756.051583312696,3.6530089908134755,3.240153673260664,87660.1522805481
A00243,H1,4,2024-08-08,7304.691984350072,4.291339039123406,3.105622841848731,129387.45990768094
A00029,H1,4,2025-05-10,9610.127029034067,3.542956738862366,2.955729934067038,135748.44927206277
A00679,H1,3,2025-06-05,9806.335776282347,3.390697501168008,3.332830063725186,165253.19302877513
A00317,H2,4,2022-12-10,8280.862358633254,3.787319216477795,3.1909960359971494,194700.02005027325
A00551,H1,2,2023-05-20,9870.23015521242,4.19577863526731,3.2642826191293093,244352.95243345355
A00459,H1,3,2023-08-17,8823.42227818954,3.8988270212613907,3.4672731197680866,206142.90128580807
A00319,H2,4,2025-01-15,9144.216079212907,3.787165499365801,3.4602324968822247,36683.64652922993
A00210,H2,5,2022-12-13,7604.664727769008,3.967941804146866,3.1195899654499137,121075.66787515982
A00626,H1,5,2022-11-15,9500.36791672361,3.808829994388664,3.6098879077666184,242726.64026929173
A00557,H1,4,2024-04-24,10293.670927002222,3.8360327175303883,2.9927911299496897,193986.1943764641
A00285,H2,1,2022-02-22,7910.7515119619,3.958211191106051,3.160377085125718,115689.07103002169
A00440,H1,4,2022-03-26,9546.328432129867,4.193110795141062,3.5710272766336346,96293.78819354059
A00501,H1,4,2024-09-27,9092.449349258866,3.6334533967170017,3.144030740892466,116950.0594394373
A00385,H1,4,2023-11-29,10650.555645624212,3.9735550298196234,3.1943384696889128,118678.83418218819
A00198,H1,1,2022-08-21,8311.837617203722,3.893801464101118,3.3551272736659588,119134.87784469553
A00552,H1,5,2022-08-08,8962.743289061827,4.0155517848050755,3.4766159492029782,66487.03517335362
A00049,H2,2,2024-01-22,8698.645426728484,3.692566916263132,2.9958413361129597,200473.02192035157
A00427,H2,3,2025-06-13,9129.059506153279,4.081748875482815,3.0691203565024283,90526.21845500113
A00360,H1,2,2022-11-08,9703.387587653762,3.8411663619265126,3.18730615855326,247044.90150753784
A00648,H2,5,2023-03-21,8029.336823771407,4.126227754461082,3.185571654244424,95356.03007917864
A00314,H2,3,2024-01-30,9168.907339363155,4.009416466719493,3.2751749045366982,106362.43018335404
A00543,H2,5,2023-07-23,8753.391291620004,3.456123711646591,3.4024890687525104,112445.68183606799
A00115,H3,4,2024-05-26,8284.77453758556,3.556144369905665,3.162377670983492,433970.1962548203
A00112,H1,2,2025-01-03,7864.558364140987,3.419659363413078,3.1534366340586275,102557.38582411541
A00202,H2,5,2023-08-07,9707.399747173902,4.205710311841049,2.908999693374915,92739.97770432795
A00609,H3,5,2024-11-17,7267.316055144603,4.22056581218167,3.2578340449034333,139316.38817845547
A00409,H1,3,2022-11-05,8859.986243376672,3.507374483736404,3.1401349063292385,557142.3637377654
A00242,H1,3,2025-05-27,8936.018402414185,4.077812700245961,3.0056152106235174,58580.47349744806
A00583,H3,1,2024-04-25,7676.007690593354,3.6314502454505035,2.9547348326992395,157189.75866137334
A00486,H2,3,2022-04-09,10317.859574791339,3.7506445205838417,3.3500850174567254,98519.25126424352
A00577,H2,4,2025-04-14,9735.853302883303,3.817200906423766,3.3930171492686836,58463.1038171382
A00629,H2,2,2022-12-30,7797.620279862842,3.6982838713613235,3.182566546886041,329127.615987985
A00420,H1,1,2025-03-30,8417.749458139078,3.883429201936628,3.381296740107791,306947.30563182884
A00215,H1,2,2024-08-18,7805.7335661505695,3.768396847470778,2.829177729793365,440406.41609773773
A00429,H1,2,2022-06-07,10507.178378141623,3.5715907110872482,3.0667191825518105,94733.50414577288
A00144,H2,3,2025-07-22,10304.28254753995,4.061242824736675,3.2501392676622536,276704.0375133271
A00400,H1,3,2023-09-21,8777.175907158575,3.6920032320502054,3.07731254873646,113746.18826921705
A00665,H2,4,2025-04-10,7844.9236912133465,3.478066343274814,3.10753967342893,237479.2902103251
A00066,H1,4,2023-11-16,10320.859574297443,3.8453100101440922,3.1030805392083023,176408.62455938008
A00376,H1,2,2022-07-14,8996.13562017039,4.081245811830522,3.2949784407388227,279235.5869616074
A00610,H2,3,2023-09-11,10047.741380319723,3.9164161755695885,3.718606199825375,180674.4923083036
A00543,H2,4,2023-02-09,9237.89772749673,3.735302112603108,3.302963892038542,205067.81825483244
A00003,H1,1,2024-08-30,8233.202977450932,3.5192657642742047,3.549018491843016,108411.1697838774
A00028,H2,2,2024-11-29,9271.624458985045,3.7706380311819157,3.1081962000471988,83890.64066558355
A00769,H1,5,2023-10-16,10353.268256349755,3.747288267475196,3.326231037867012,154106.16675310244
A00371,H3,5,2024-12-17,8984.371628614472,3.6752426862472856,3.191528224833065,135181.0756575834
A00088,H2,3,2024-11-29,8970.26064170263,3.6398362728743914,3.1999823727118724,223868.99575647217
A00340,H1,5,2024-06-01,10380.721726232703,4.167208248775144,3.3969476695511105,108085.20198921069
A00261,H1,5,2025-08-16,7746.388273329732,3.3443060946563605,3.262573988220187,179371.50876911564
A00549,H1,3,2023-08-12,9705.965062924954,4.187363153728838,3.3166964565970463,79109.67263839148
A00148,H2,3,2024-09-23,7803.464932567629,3.8250740160766514,3.0698479656430866,293878.9335645652
A00120,H1,5,2023-09-29,7188.347943095577,3.883698901036287,3.5072906752182376,87922.23271002065
A00055,H1,1,2025-02-18,9069.554794542164,3.5261445997502237,3.230025619360559,204431.27117219652
A00141,H1,2,2024-02-05,10543.32691343211,4.032564240404213,3.0625863091653267,69004.4334259209
A00045,H1,1,2022-04-24,9375.603993377112,3.918893224740636,3.3922148882402285,123340.04855928071
A00476,H1,3,2022-11-10,9048.013372517164,3.8966370139634945,2.9710135289592325,106564.35122246598
A00031,H1,4,2024-05-07,7663.378262694814,3.710152085089203,3.2191561637419364,426733.4059044235
A00058,H3,5,2022-05-23,9576.991166043083,3.6196275881889313,3.1827656892209157,163303.84713317544
A00494,H1,4,2025-06-24,10096.138965268494,3.810812177629189,3.270353025130567,212550.26751757908
A00489,H2,4,2023-03-28,10780.713843573332,4.129087050301165,3.3719063734635784,90455.62279526619
A00756,H2,4,2023-07-29,7517.175982295161,3.923673283386314,3.481743207492725,211985.90317312835
A00509,H2,2,2022-03-16,9562.093066531132,3.761674071165455,3.3297474113660632,215221.58335512833
A00108,H2,4,2023-12-10,8802.137271999534,3.7753412390161594,3.405593593480374,268946.0543193677
A00717,H1,3,2023-06-20,9640.3194662785,3.786780382637404,2.9377440995689597,335115.8594157811
A00571,H1,2,2022-05-09,8538.452614611397,3.619163401885091,3.528463583269989,178554.98687578097
A00042,H2,3,2022-12-24,10253.571605369683,4.033578619933576,2.9861052827968644,399896.43468609615
A00160,H2,2,2025-07-14,10005.903592966873,3.9191068750736546,2.9875962919460024,130501.98650158104
A00085,H2,1,2023-06-01,7732.474827787064,3.5478758436733395,3.5689778170172954,249458.1056442006
A00066,H2,3,2024-12-04,8449.956530896794,3.840647745228764,3.3016696326950927,343814.90758492955
A00770,H1,3,2023-03-04,9934.479957017009,3.4308966993849395,2.832225628011352,247012.7898758369
A00591,H1,4,2024-12-18,10816.288446566416,3.9836219887068953,3.597053109439206,202805.78045297583
A00648,H2,5,2025-06-29,7751.658440680651,4.03899965141003,2.8098161163972484,105518.2137009888
A00082,H1,1,2025-03-08,10538.263607241573,4.126005971445419,3.126551017454787,113170.48375015757
A00523,H2,4,2025-06-12,9041.113491075479,3.3083833822763626,3.2681410465258103,195199.5998947455
A00490,H1,4,2025-04-11,11584.827842433342,3.8516465390248875,3.379521129687628,108517.5062694132
A00312,H3,5,2023-10-12,7887.877914798907,3.4979314401434864,3.141104802063496,317639.5718876022
A00490,H1,5,2022-12-19,9234.15951778329,4.098441776264069,3.3455954724649617,160854.0532718299
A00169,H3,5,2025-08-21,7773.680256184194,3.560199774955981,3.0667753817820382,272405.5847102029
A00272,H1,2,2025-05-23,9018.47149698839,3.986963544451749,3.23798983498309,167142.03202963574
A00771,H3,5,2024-04-05,9008.204401930006,3.94661586809095,3.278631822944803,205460.99123895142
A00797,H2,3,2023-08-13,9878.74458190916,4.088785366548711,3.3248992866910685,84056.14621308977
A00224,H1,5,2023-01-08,9497.973271745526,3.8194409746731015,3.0477282281864353,76157.47785287969
A00266,H3,1,2023-02-21,7937.4555295547225,4.380057593785714,3.5734203142824565,83404.01476060749
A00208,H1,3,2025-03-05,8697.497691519602,3.5506318505924046,3.20941023680047,134445.58275199073
A00130,H2,5,2024-02-25,9096.877084256848,3.5265468733274474,3.0079905356337076,61023.06371895682
A00033,H2,3,2024-06-05,7700.991831451948,3.7842277618290976,3.025212160278505,406206.87959702866
A00616,H1,4,2024-09-01,8564.561951903956,3.8690117793886767,3.3496242222498664,160768.10700346966
A00781,H2,3,2023-08-13,9665.019824900364,3.6784589514568227,3.3129012201911454,260506.70541718116
A00523,H1,4,2025-08-07,10102.012898041412,4.2238752903459815,3.243870874096701,165506.33800088378
A00662,H3,5,2023-12-28,7287.935341145161,3.9233075436456923,3.21291573676913,72683.82332494993
A00132,H2,3,2023-10-16,10026.944508163862,3.1657331210635795,3.1779484065673276,452571.08351426705
A00772,H2,4,2025-04-28,10065.747438843182,3.3708816214848367,3.2629770641511557,155891.94972038656
A00049,H3,2,2023-06-02,7961.734329680485,3.541397049077155,3.452932490871624,152417.91598454575
A00336,H3,3,2022-04-22,8580.47190000823,3.6815492056480763,3.0223998380279324,128431.74148820975
A00292,H1,2,2023-03-28,9915.365526727974,3.7108381964270727,3.224055852862074,547744.8247516424
A00719,H1,1,2025-04-08,8075.648559923781,3.5851491807520004,3.440269709195003,118098.34556611077
A00676,H1,3,2024-07-18,10276.281285726891,3.980105187325098,3.1441208766947293,283194.04474095104
A00603,H1,5,2025-09-29,8571.38487517432,3.730508069865976,3.0540721917471774,86149.11133565861
A00536,H1,3,2025-07-21,9176.94149003773,4.0475027746529575,3.3261365329042287,98106.42270593307
A00543,H1,5,2023-08-16,10496.244177006829,3.644423829885889,3.120443080308882,76209.39912065618
A00726,H1,5,2022-08-08,10334.160854906831,4.110352251931732,3.6814810086157252,143496.6419056634
A00640,H1,4,2022-05-27,10341.674804309558,3.8796335603615844,3.367227934901923,75728.96852106809
A00033,H2,3,2024-05-21,8813.47162527584,4.0973311621383495,3.619055364216042,77048.02111571016
A00721,H1,1,2023-05-01,9476.090218276076,3.382461345864561,3.1555058773781335,68225.64339543738
A00231,H1,2,2022-11-19,9044.14135578747,3.7216578077959857,3.5345887630969375,194356.07188196442
A00780,H1,1,2022-08-22,9945.51700627357,4.028591329193506,3.084717976767024,127790.5979877766
A00580,H2,1,2023-12-05,7603.585337638941,4.147299826466344,3.1813939923289887,140989.17520279644
A00099,H1,2,2022-11-12,9358.592876735953,4.123486338395877,3.1423275690307846,128380.14403103151
A00170,H1,5,2023-03-05,10277.642111523854,3.6499088597270286,3.250016025573455,229493.66487516396
A00213,H2,5,2024-03-16,9158.743119271161,3.7587193591651773,2.8885333949559615,119877.19321525072
A00533,H2,1,2025-06-15,9369.640743640357,3.497723856594515,3.227171950782468,312024.95216315653
A00644,H2,2,2025-06-14,9819.328641994998,3.868680912112455,3.1908335274755246,83001.46027800997
A00187,H1,5,2023-03-15,9119.682191936356,3.859467907397494,3.279649108594606,190673.1498677325
A00319,H1,4,2024-06-23,8305.812366552213,3.871070212818374,2.935500879281543,123524.39872725264
A00204,H1,1,2022-12-01,6851.113328454799,4.4185462575795995,3.2080464713585752,184808.56460518047
A00079,H1,3,2022-08-11,9608.91434006924,3.834633147202928,2.9012706793174683,156790.94890102386
A00201,H2,4,2024-09-23,10020.954284848742,3.639726154314788,3.537120494583531,154132.44614461213
A00250,H1,3,2023-12-18,9717.99987324618,3.1924666608353727,3.2166088483258504,66172.66161438928
A00616,H1,3,2023-04-07,9684.400368615139,3.597996265849075,3.131635419770391,481169.9037344824
A00199,H1,2,2025-09-22,10229.413439590387,4.225125778404473,3.548658823689974,279679.4418092507
A00731,H2,3,2024-09-26,9125.509505176935,3.9553931931048543,3.2256513898180748,134576.60931203794
A00592,H2,1,2023-09-26,9755.001882938628,4.268586592470036,3.2495235163757012,177602.77530476832
A00460,H2,3,2023-03-26,8122.535879428567,3.9159708249255982,3.347024003676107,205860.5922459492
A00193,H1,1,2023-10-30,8314.686348885756,4.0182934180390895,3.265162067030691,102654.20615632122
A00047,H1,2,2023-05-07,8870.244521751678,3.7341098400360804,3.1679366643685616,90483.62735528419
A00110,H1,4,2023-03-14,10671.777144057509,3.6355944129598416,3.146053836478817,381220.1254038917
A00626,H1,1,2022-11-14,9574.998929190297,4.142952170178757,3.4503774581059927,152410.244315411
A00326,H1,4,2025-03-27,10569.8618784894,3.735835254651902,3.5062873924499938,108773.73999403456
A00104,H2,2,2023-01-14,9671.317025920054,3.995547675990332,3.72068365592554,96087.05692625135
A00290,H2,4,2025-04-14,8277.974344903962,3.770003207541428,3.2504436569979474,79463.76870558641
A00444,H2,5,2022-08-20,8261.806954051708,3.7628819828982585,3.2491821957771787,170891.4006075452
A00621,H1,5,2023-07-07,8018.665684269821,3.709419732002827,3.279883789161395,294450.2283985181
A00747,H1,2,2022-01-07,10211.019866932114,3.486384616399257,3.327378683169067,78686.91153105677
A00012,H1,3,2025-03-23,10170.668701050185,3.6340466952049173,3.323402021072423,109990.08024583144
A00321,H3,5,2025-06-17,8860.387398592358,3.7020441774381143,3.194057893065004,378465.30878150417
A00487,H1,1,2022-12-01,10780.089554060956,3.8957655892430707,3.311806421032267,287911.2238675562
A00220,H1,1,2022-12-14,7535.48772185413,3.920058195368299,3.5076906374094263,101692.52085143374
A00157,H1,2,2025-08-16,8947.362593351581,3.7473600215413994,3.1828340308696763,144264.25262047834
A00033,H1,3,2025-02-27,10069.037823684243,4.139498263144897,3.581090599995065,371714.23072948016
A00416,H1,4,2025-04-23,9225.382623246405,3.8544696081271,3.3554041785591218,245623.03265482347
A00152,H2,5,2024-02-10,10164.511166782147,4.020040096016885,3.244237650070588,90951.47100340959
A00651,H1,5,2022-03-31,9731.321379203415,3.979950938388908,2.9953841827700747,110856.68368228956
A00262,H1,4,2023-09-28,9123.538595058084,3.6691449320826854,3.2595769778408017,189806.1886566573
A00368,H2,4,2022-08-19,9472.666137406677,3.609477454170808,2.9516037687236976,59661.742550613184
A00656,H3,3,2023-12-19,10357.427666081687,3.4553504030778295,3.199131126734014,539163.0483055033
A00544,H2,5,2024-02-24,8921.113440734158,3.907340627098319,3.5552389475129393,109084.53472793296
A00323,H1,4,2023-03-11,8521.648812928463,3.734054343794551,3.0864369806001366,285747.7418872065
A00411,H2,1,2025-07-20,6793.695790293128,3.832876738613211,3.033431144945065,116192.25549561509
A00790,H1,4,2024-01-10,12513.306347641173,3.62120632740667,3.4597389487735652,59801.492568704176
A00521,H1,2,2022-04-12,9928.133633977783,3.8639925633946888,3.194620336146955,288839.02013768593
A00121,H1,5,2024-07-02,7959.937223948009,3.662896414581404,3.25969497411685,218924.59287539838
A00432,H1,1,2023-01-10,8449.4346904514,3.6318509924465836,3.309397136591866,125507.40362722074
A00336,H1,4,2023-08-11,8964.231559491353,3.6569604777727736,3.3277103535041386,24415.064832973047
A00553,H1,4,2024-10-23,9196.810095988054,4.150814555754197,3.1706321027422786,107147.41803930869
A00538,H1,1,2024-07-20,8721.517672935941,3.7444898913734326,3.1727408585910335,81821.55274300104
A00340,H2,2,2024-11-02,9207.816777680346,3.4429608390540123,3.3867894547685524,237238.00506210962
A00206,H1,1,2024-11-01,10496.559841814984,3.774619599780676,3.06177552983988,59751.80288496697
A00123,H2,2,2022-06-19,8310.564415347151,3.6181697968303608,3.191681613244389,312682.8497884231
A00794,H1,5,2022-01-16,9635.52758973489,3.9636033264796398,3.213080919064001,198364.50018607607
A00590,H2,5,2023-05-13,9145.175461576748,3.2322772767749393,3.1955468295134386,120558.6880222665
A00615,H1,3,2025-09-27,7860.587902583095,3.8861867617918526,3.195977682376676,65724.14528736517
A00377,H1,5,2025-03-23,9970.814310421049,3.734744012084471,2.861758920374659,225945.9477640128
A00136,H1,1,2024-07-21,8281.023671672667,4.138073122937477,3.345691276144607,295497.17060807376
A00283,H1,4,2022-03-17,8190.12288732741,3.770618751533361,3.2095163922672505,312571.7948493705
A00672,H2,1,2025-06-01,9442.15600694181,3.7665639794234664,3.3990016507647662,53931.58040214629
A00617,H1,2,2022-11-28,10099.785443312341,4.018416734447184,3.4114289633018706,99904.84596863223
A00522,H1,1,2024-09-02,10046.833850333947,4.048452122460341,3.3095835504646303,334241.8767321438
A00678,H1,2,2024-06-12,9446.501499634736,3.6053214076451052,3.2184983144131096,76722.15104802896
A00750,H1,4,2024-08-24,7972.349488113041,4.325424236730518,2.966954425517181,73086.99537235383
A00164,H1,1,2023-08-28,8735.831051621988,3.789042687369607,3.107327061763871,65698.37579842575
A00572,H1,4,2024-10-23,9772.942056739685,3.189474385361116,3.0259750721173386,198255.79237257587
A00475,H2,5,2022-04-04,8106.871854716432,4.036897391853635,3.3321146747345756,202623.59131239093
A00211,H2,3,2025-09-10,8995.77854797934,3.1680176053517224,2.96773909495578,123624.4310298779
A00267,H1,5,2022-06-04,8271.958805415816,3.9041936991732022,3.5684961230826286,169345.12499600643
A00616,H1,4,2025-05-19,9810.120598756384,3.6854276523434737,3.380368480969194,57218.20715994676
A00220,H2,5,2022-06-24,8732.50085374974,3.3892538599533943,3.0736380390403832,307915.7411881387
A00268,H1,4,2024-12-27,9563.526893952443,3.506961987970005,3.2679788057718198,187357.7390672586
A00074,H2,1,2025-03-19,8186.974205344032,3.9342985364954077,3.2119412328499424,126248.4845718562
A00474,H2,2,2023-11-20,7931.061490638567,3.9636952714428535,3.377467460462315,110433.79499248705
A00277,H1,5,2025-09-01,8572.056578225334,3.9815546619880804,3.056026931722076,158984.13901956688
A00169,H1,2,2022-02-13,9567.228101739749,3.7247301325981166,3.035734095477232,101019.26157912673
A00390,H3,2,2024-09-23,9475.819872906992,3.709956283887269,2.8535994191667404,103199.78911018789
A00164,H2,1,2023-07-01,7530.725549912308,3.9258520139541138,3.436594945226382,196517.53765572424
A00280,H2,2,2024-02-10,10282.789803554919,3.5988471359170053,3.4256217725023967,115869.48878249283
A00531,H3,1,2025-05-01,7286.565521346114,3.856399912639543,3.2667755643488587,197991.72400048684
A00618,H2,5,2024-08-19,8913.922811483475,3.542602774248241,3.4441160547560656,140039.12700124856
A00099,H2,3,2023-10-15,7613.740670478022,3.534642525152641,3.4403875666956307,157742.8069819575
A00005,H1,5,2023-07-08,8774.335260692886,3.6313750118728043,3.0439229093859077,273306.25425603724
A00274,H1,5,2023-05-24,10843.583682005812,3.9884645490875794,3.0977155692040954,375495.8302293878
A00215,H1,4,2022-12-27,10025.24569581653,3.6297211041998896,3.3755667493398858,110200.4760664461
A00327,H2,5,2025-09-28,8329.328051458748,4.0874259457419555,3.242083468641229,317403.2394758435
A00312,H1,1,2023-12-14,9351.205892076743,4.04851461613178,3.3349438008084187,37911.49898318344
A00723,H1,1,2024-05-02,9665.079469009192,4.026613164194917,3.1193645749152346,45308.575437353305
A00282,H2,3,2025-09-08,8338.192292572963,3.6014356638501823,3.070435166144231,310910.776901434
A00334,H1,1,2024-07-01,9219.823279764247,3.620177439572435,3.0297548960088796,300526.9016783059
A00363,H1,2,2025-08-13,7761.583108953098,3.57099032120006,3.0268927741414546,43947.20871093581
A00155,H2,4,2023-03-30,10923.469042862878,3.7332891819754312,3.2198365292060416,203606.35805884126
A00340,H1,1,2022-07-29,8861.372050554868,3.8806471413998107,3.7479638951954124,259125.05953836077
A00580,H2,4,2023-07-26,9519.754495890744,3.4562031457229323,3.050599699344884,184376.4942725506
A00536,H2,4,2023-08-11,9840.294658434383,3.8934546396909613,3.28104929782582,110876.76169705267
A00416,H2,1,2022-01-14,8242.501115600397,4.197851452930559,3.2463240796330797,156968.7618300316
A00604,H1,5,2024-06-07,8640.411764862509,3.94449139388088,3.243024098195982,453042.14115156484
A00576,H3,2,2024-11-14,8834.747926801527,4.127356575486378,3.155598241690773,167979.3378937707
A00036,H1,1,2024-05-15,8046.856328631638,3.993977916978294,3.3252335696529096,324332.577874776
A00797,H2,4,2025-03-06,8665.142230490734,4.071246133770989,3.4449115595344666,318939.88437058014
A00141,H1,3,2023-02-01,9902.952075147936,3.9450172237698014,3.1491745038661825,333787.6683952435
A00441,H2,4,2024-08-28,9118.600536182546,3.526474239287503,3.1005542579054906,366246.07823950495
A00489,H1,5,2025-07-01,10489.09918310616,4.154153864699652,3.350244907497532,182739.26707013228
A00172,H1,2,2025-08-10,10033.010293461732,4.2146542118242545,3.2128529629007745,124298.58601928582
A00363,H2,4,2023-01-27,8104.509113383326,4.086929760026294,3.168828773195782,151669.59553685333
A00755,H2,2,2022-05-02,9055.962838571651,3.505025658809312,3.187552635125524,211183.3923568185
A00353,H2,4,2022-01-22,9464.473792100966,3.9896990578745397,3.242465343268292,196496.25338252747
A00328,H1,3,2025-02-04,9996.574058353803,3.991616381196552,3.1760577077679026,150705.8872125232
A00616,H1,2,2023-05-19,10030.885164881078,3.437694540435317,3.5654875196349907,241390.95163333794
A00322,H2,3,2024-12-30,10550.41060872455,4.8378103492599,3.4650446437102653,279443.83946162753
A00426,H1,4,2024-12-09,10424.921450445023,3.5746981657257675,3.032094670274826,69861.70875838718
A00435,H1,4,2024-04-25,9768.257382673226,3.5685708647004435,3.1292684369168673,103376.6971213398
A00409,H2,3,2024-03-20,8523.085483297707,3.944418907216748,3.3689747915140282,69023.8309124991
A00710,H3,2,2025-01-12,9124.994935989283,3.826380483500721,3.446719760411363,179094.82226591106
A00087,H2,3,2024-12-28,8904.949747544075,3.816691030368221,3.2646465899116723,141970.3431491562
A00653,H1,5,2024-08-18,8211.985473647408,3.774818591954061,3.209484579516241,74942.71440825469
A00339,H2,5,2025-01-17,8636.934380350049,3.439691666658995,3.281855997535386,301373.11327325227
A00274,H1,5,2023-04-26,10126.253032611985,3.8865980422661393,3.3263831996592437,479285.74971801176
A00789,H1,4,2024-10-12,8456.321211670087,3.971511267066955,3.2548466623146473,72331.05859171522
A00795,H1,2,2023-09-20,9771.984766033076,3.7471432778434326,3.137118780820292,95170.44599223784
A00599,H1,3,2024-05-19,10015.374315719042,3.8950323609514523,3.2370048034125927,80701.48237137627
A00170,H1,3,2023-05-24,8609.104231617535,3.745255874170777,3.267688070819888,125040.24458092227
A00192,H1,3,2023-12-18,9444.52843816362,4.053657128404079,3.5759280993253078,349021.77697511966
A00355,H2,5,2024-11-01,8685.473791135331,3.8116798111960506,3.2764598935232656,90217.77100776555
A00529,H1,2,2022-09-01,9285.288166324353,3.5322136558602315,3.2612115175283103,48168.626766172056
A00758,H1,4,2025-04-09,11490.087835249456,3.9929768664163587,3.5107123730744103,220911.59480018014
A00415,H1,1,2022-05-23,8167.099413847138,3.650723891467124,3.370385962085918,149669.30420342632
A00513,H1,5,2022-10-16,10565.540214366552,3.575034721545021,3.373550606663478,205443.7482937588
A00187,H1,3,2022-09-16,8909.990938540306,3.9911460283291476,3.1839336809325007,142491.36624656245
A00401,H1,5,2022-08-19,9600.85640539753,3.714843627858694,3.1325270811277868,472598.45096887526
A00116,H2,5,2023-12-11,7742.141918084073,3.6987497114007484,3.135142995818676,83017.27212549027
A00331,H1,2,2023-07-01,9420.46042156276,3.5101808633984963,3.522379369860889,104999.99150133642
A00727,H3,3,2022-03-24,9024.576990629943,4.127036023376512,3.6951428447062256,234632.1142686728
A00415,H1,3,2025-09-09,10927.081000043087,4.0481002830976,3.275917724676083,185089.57827263983
A00222,H2,4,2025-05-23,7936.379794517501,3.393682712097223,3.2847181640245404,76875.56971116943
A00333,H2,4,2022-07-07,8367.383383698669,4.024670595620299,3.2339376574361056,195445.33074745417
A00123,H2,5,2024-03-02,10062.743375971957,4.0425444079521755,3.106487317073609,108126.3423260694
A00507,H2,1,2023-08-18,8029.730204015076,3.9582845995457108,3.108690484515806,142063.12832774362
A00484,H1,2,2022-05-03,9120.431780825988,3.706195973087287,3.097716196907375,75802.37177368894
A00614,H1,5,2023-10-29,10270.363538587186,4.183020181481967,2.9536778245897355,221259.4728147877
A00408,H1,2,2023-08-20,9644.381952818745,3.4184041911948033,3.513275621699752,204302.50279571296
A00736,H1,4,2023-12-02,9221.691707124213,3.729317005689854,3.0114801303177234,239046.1511466996
A00293,H3,1,2022-06-22,7657.479208025972,3.908746150532948,3.246464986750892,78361.11046946347
A00004,H3,4,2022-08-18,8662.491535271523,3.8525923449967787,2.975530963008894,223579.25071872695
A00614,H1,4,2022-11-22,9126.719717153053,3.930864623777343,3.7592594491975304,168526.03896971344
A00498,H1,2,2022-07-08,8434.476771016747,3.95678022921203,3.1647600421644912,133892.0042465651
A00693,H2,1,2024-04-13,8245.184534800026,3.4962275852767415,3.4754843074672164,110847.25873684623
A00003,H1,1,2022-10-01,6523.029856603631,4.023839175244446,3.231889522720277,123127.21337916589
A00344,H1,2,2024-09-11,9483.28150719319,3.508902156572672,3.1985488522798065,164744.19754730692
A00565,H3,5,2022-09-11,9163.61569948555,3.6926475643773657,3.0504251320475313,63076.33028034077
A00656,H1,1,2022-08-30,9608.556690803578,3.680119042542932,3.087879223590645,172571.4070696159
A00582,H2,3,2022-01-17,9463.202885077973,3.830241115175681,3.286926407603515,54313.66756289862
A00661,H1,5,2023-06-16,10156.34069283068,4.00145270028428,3.2136492463110073,278681.9114282956
A00162,H1,3,2023-09-05,9934.910863965953,3.755877554340559,3.546559289609482,503232.8253326527
A00719,H2,1,2024-09-06,6731.190242014978,3.444655564181251,3.1921190980063816,153757.06752179522
A00742,H2,1,2022-11-11,10087.11724832553,4.120246919793155,3.445394188381565,171795.8850327107
A00057,H2,1,2023-12-11,10127.52465323853,3.7120029718732357,3.1681076953916905,291493.4365922804
A00734,H1,2,2022-02-28,9218.248471994215,3.8674223447652722,3.4486636007712685,92593.4848716546
A00712,H3,1,2024-05-13,10141.817324852569,3.879707721092718,3.232554657466732,211762.2388332127
A00113,H1,1,2023-10-28,8290.939482545788,3.451920634862547,3.2368536658369913,43396.08194779979
A00524,H1,3,2022-07-20,9724.675151237243,3.747232631778295,3.234604527649347,93709.22450365097
A00208,H2,4,2023-11-05,9276.633969797704,3.8653631637701134,3.2200822155554074,641150.0493449714
A00727,H1,2,2022-07-23,9176.346433018329,3.7444017226980666,3.0752309398462483,226370.65223793738
A00325,H1,3,2024-11-14,8671.219511279985,3.4122291668638187,3.1666708239113452,253315.68601623407
A00343,H1,1,2024-08-29,9204.996240540298,3.980991202568511,3.588876824077489,141506.82329607
A00578,H3,3,2024-06-01,8999.51832623492,3.637930656480724,3.3557815968333133,91916.3944095848
A00488,H3,5,2025-05-20,8463.15037181686,3.9414528930217063,2.982197812544497,165407.57289685233
A00359,H1,4,2022-05-12,9216.024877753014,3.505424565986729,3.4849731154229677,121585.24994521205
A00411,H2,3,2023-12-25,9864.126608775601,3.958488233302382,3.2535550761506853,165033.64731433793
A00759,H1,1,2023-07-26,9603.136284411867,3.864103715506462,3.102975412150535,137560.0119222939
A00724,H1,4,2023-10-04,7797.635939934122,4.079569030348081,3.523622107033239,70211.7217146205
A00147,H1,3,2023-03-21,10171.239201935095,3.5267824427473125,3.050700849911368,125196.5109346431
A00038,H1,2,2024-10-03,10010.995823079153,3.7456097567222413,3.174072830907968,177723.78372866614
A00708,H1,4,2025-03-22,8539.24682599329,3.7725531090503477,3.260842511128302,71249.06723594571
A00761,H1,1,2024-11-21,7893.58813972836,3.48687207074827,3.4237614326165313,102673.95585162746
A00442,H2,2,2022-08-13,8776.037455670124,3.1362094388635757,3.045378431610333,139102.2978585646
A00525,H1,4,2023-09-14,9360.014899528125,3.569433978196492,3.2922316297161376,148264.05251235317
A00794,H2,2,2025-07-01,9876.075629451256,3.71241438101904,3.7581611340280863,72193.05399384141
A00525,H2,5,2023-05-18,9716.105419752288,3.921847254785587,3.3715573584387593,42969.94858839067
A00407,H1,3,2022-01-23,7946.958760177562,3.9141421258702973,3.148569589753927,211432.83542391664
A00083,H1,3,2022-11-03,8578.828799464762,3.835757719795347,3.2175699313727186,201909.85170895734
A00124,H1,2,2022-12-26,8334.251980702771,3.8768947023916915,3.719993721113667,402718.7752908437
A00392,H1,5,2025-07-18,6566.9942584782275,3.865835788423711,3.417781514545962,134456.2794780045
A00757,H1,1,2024-06-15,7719.110121608093,4.147172162902343,3.2399212614943473,85594.47439717788
A00738,H2,2,2022-10-22,8413.54346693399,3.6570812336787086,3.6359095488825037,99446.8005075419
A00243,H1,5,2023-02-25,10169.971402585728,4.4191349233606925,3.5032415627774585,167903.4061147035
A00426,H3,4,2022-10-20,8279.173527220964,3.6354606909463487,3.1749267156122674,70757.76978372237
A00581,H1,1,2024-06-07,8429.438553740378,3.5331351895403706,2.961321012053794,170098.4084171795
A00146,H1,1,2024-12-08,8205.344276979002,3.947121733199792,3.5002983256640823,93929.879732428
A00402,H1,2,2022-12-10,9415.19587245775,3.8405010992280832,3.0139668576921665,165957.97123288046
A00469,H2,1,2022-03-16,7424.0281295798195,3.802492596315306,3.4987121314580456,521722.16396420647
A00576,H2,3,2022-03-13,9054.287360020426,3.87097514828248,3.111000992960154,53653.74274961857
A00634,H1,5,2022-10-11,9362.305016576012,3.950736964978588,3.288943058136288,191206.07612402012
A00583,H3,5,2022-02-28,10238.895955688227,3.8355077572502845,3.2576614293617054,159551.3794286494
A00505,H1,5,2023-02-09,9614.897132106924,3.7235711995102116,3.223807312694101,93347.25556833648
A00617,H2,1,2022-11-04,6326.225281526454,3.947592886013868,3.271633091696757,82656.74450038894
A00712,H1,1,2025-08-26,9477.559243502837,3.8356583450881963,2.8416042864320805,166939.76295064486
A00644,H1,3,2024-12-11,9521.251855887642,3.7287028297082143,2.9157957562260908,321782.5561917597
A00675,H1,2,2024-07-02,8479.254997663777,4.04268301686323,3.0162822455626257,162556.83186992077
A00355,H2,5,2023-07-27,8256.712442736594,3.8022030978767143,3.2923562007428187,93623.3487962264
A00566,H1,1,2025-01-11,7241.279640714484,3.8484327566020347,3.078858889827609,79760.21257446213
A00496,H1,4,2022-12-31,10791.854872862988,4.080022378582957,2.9021849278553495,61928.37140764279
A00094,H1,4,2022-02-14,11090.40884532979,4.004084099635253,3.3039037942937197,81248.93220254722
A00606,H1,5,2023-10-15,9485.911945746117,3.6437923558106013,3.3948419370638168,575679.0079982253
A00689,H2,5,2022-09-04,8332.185754131116,3.821338054404586,2.9786977791943396,149952.35135405321
A00784,H1,2,2025-05-23,9372.957449722166,4.172029304457759,3.2064811307562238,135345.4466650451
A00658,H1,3,2022-10-26,7875.328848189636,3.692696188088961,3.0719160900798177,161008.73115501186
A00096,H1,3,2024-04-27,9835.819194085647,3.7178694358987894,3.058878503811316,157921.03987184752
A00564,H1,3,2022-12-20,9113.516263616591,3.8192133987265935,2.880886101335823,137964.11903723003
A00125,H1,2,2022-11-10,8976.90598323753,4.0981145690016225,3.4465708750204165,85949.52429666296
A00163,H2,1,2022-07-28,8940.487207125012,3.836376638157904,3.2667021752753875,206932.5432526289
A00700,H2,1,2022-10-27,7349.752624496829,3.7425899390505397,3.471747098357417,116227.5622001546
A00301,H1,2,2025-03-15,9002.149638218805,4.014899352648573,3.0926849390837665,245711.8343434665
A00402,H1,3,2023-07-25,9127.385083165123,3.9372441391672646,3.5898036840919754,120086.52592955892
A00607,H1,1,2023-05-31,8824.864410960032,3.8086987198171185,3.0956648596567202,183409.11591141883
A00740,H1,1,2024-08-12,8655.4958875894,3.79297526066419,3.491210190654334,49848.39866269572
A00485,H3,4,2023-04-25,9173.896010685847,3.652984061469822,3.083859812718564,329958.60581793723
A00790,H2,3,2024-09-05,9169.171200477407,4.232626709338214,2.869632919458364,188087.8909916965
A00732,H1,1,2025-09-02,8199.520471518976,4.312012197727638,3.131911145727928,241071.74783305576
A00076,H2,4,2023-07-03,7650.168196067573,3.6209590342068383,3.413261372379399,155561.74897572643
A00510,H2,1,2024-05-26,10387.558003447653,3.6923700422028496,3.538973807737536,162509.6244532111
A00601,H3,4,2025-03-19,8640.50198550336,3.8348680839625096,3.470027727279903,188278.27550959477
A00338,H3,4,2022-08-04,7950.400900520525,3.8040262682843164,3.243042607889605,134171.61275984094
A00125,H2,2,2024-01-10,10417.72893882771,3.8031858413010142,3.366717207546528,209612.6030877121
A00548,H2,1,2024-02-02,10143.100684328056,3.862903063275089,3.4122298131207414,227374.49159308808
A00624,H2,4,2023-03-26,10085.797873206842,3.4619589857372315,3.294514520037362,134315.10451186448
A00468,H1,1,2024-10-05,7840.984577513097,3.501307734922499,3.3932289205694537,63969.024893650894
A00185,H2,1,2024-08-03,8616.399576923768,3.6893931063050944,3.0008068963103764,73638.13027179238
A00008,H1,3,2023-03-20,10171.91728464222,3.734385515491395,3.283306488525755,164633.89179584224
A00535,H1,2,2025-09-30,9465.5890082395,3.909002032105043,2.8127997443631942,221085.7735015198
A00342,H1,1,2023-10-09,7343.854265079994,3.7710567062094014,3.0535246978181956,234486.05515401877
A00164,H1,5,2024-06-14,8789.60905599032,3.617902335802735,3.413209497317233,264876.14729872375
A00447,H2,2,2023-07-25,8812.860593624455,3.748851756340846,3.1333453698639517,165881.3534781118
A00239,H1,4,2022-03-22,10862.98008431336,3.9495650635675235,3.5729768557436623,98231.40304775671
A00146,H3,5,2023-03-09,7989.54406016127,3.731576939556159,2.9314366281781976,87453.66809932898
A00513,H1,4,2022-07-01,9682.685769771128,4.159930741088793,3.371843127681607,56675.01790796384
A00117,H1,4,2023-12-03,9419.246156986941,3.844325117515693,3.286819437055526,99037.96084204582
A00053,H2,3,2022-12-07,8292.80322360122,3.784573163031537,3.0464980377838575,53354.87873249949
A00559,H1,5,2023-04-18,9456.999877108256,3.894644273612053,2.8665732955327976,195099.67651115407
A00323,H1,3,2025-01-11,9890.754797410813,3.585128017910516,3.3097336708203837,307635.77903086285
A00207,H1,2,2022-05-11,9495.154745451853,4.0636532987661065,3.029262608926491,212251.1512843313
A00307,H2,3,2023-03-14,8979.896043685627,4.180773729058762,2.9963644137039713,200708.7797776664
A00748,H3,4,2023-03-06,7781.9388567951855,3.4796048727711484,3.1147074322036477,164906.72994421757
A00702,H1,1,2024-05-08,8128.902334474505,3.8048132979712763,3.6072451823123934,85688.87935703488
A00465,H1,1,2023-04-11,9469.179744110776,3.8396646009112243,3.0886792213294076,120657.74015789836
A00399,H2,5,2022-06-22,9428.339367710716,3.776752871223159,3.1303044122521686,66993.47623111267
A00188,H2,5,2023-08-09,8357.45218298561,4.103333495735654,3.2537992489993153,238767.84865557222
A00507,H2,2,2023-06-30,8245.767537868687,3.763615851909332,3.4015691204010725,110581.65716947374
A00108,H1,4,2022-03-13,10491.17178000275,3.92823533412249,3.0336200634094297,131134.90205097615
A00419,H2,1,2024-05-25,8355.009791150651,4.333332682608049,3.1289359448728904,201905.48540047163
A00468,H2,4,2024-12-01,9249.27324858323,3.688041334476261,3.185595137779028,55360.82161066391
A00775,H1,1,2023-01-03,9691.780918184839,3.9950818614862538,3.2392825648605603,102912.58744145607
A00506,H2,3,2022-05-22,9188.03994155882,3.8364996896410384,3.558775797603862,205948.77813965283
A00177,H3,5,2025-02-12,9365.476725911563,3.744845915826403,3.3475571515010074,134553.2490681344
A00235,H1,3,2023-05-23,11269.516471050658,3.571879137944072,3.39287181935136,127399.12784256409
A00275,H1,1,2024-06-12,8992.665534733509,3.9643811358202234,3.4405050721281523,349116.13212442875
A00053,H1,2,2024-10-14,9389.662504169928,4.119360090563231,3.3271695411231064,107890.03513738219
A00230,H1,1,2024-05-18,9207.725548093204,4.066340739831723,3.2457928344407394,25643.82220465479
A00103,H2,1,2023-07-18,7503.001666211088,3.5189724260867954,3.189439737579944,107016.88174192896
A00408,H2,3,2023-11-24,11008.381759510637,4.005142899503725,3.4520676732558226,119604.3575512973
A00034,H1,5,2025-06-30,9399.362517040947,3.9566206010575713,3.1312795791443016,116186.56891023347
A00148,H2,3,2025-05-11,8379.335345572554,3.7261020041955852,2.9905603957889433,156923.2355128145
A00704,H1,4,2024-07-21,9748.417637610737,3.954225309770959,3.296235167723282,72945.83057066728
A00591,H2,1,2023-07-07,8036.359474821733,3.9377100501120275,3.4080673441462883,133307.5247158532
A00291,H1,3,2022-05-23,11068.098823574239,3.9646080422463825,3.6748247049383567,103696.19544145776
A00050,H1,5,2023-08-07,8894.408970453966,4.06111867574094,3.506855349459585,78117.96905119235
A00190,H1,1,2022-06-13,8602.121729022925,3.6459979516349783,3.2108018161659877,866811.3022761523
A00022,H2,2,2023-11-02,9649.07456004781,3.7155257283238523,3.282095368568539,177013.2553132544
A00629,H2,2,2023-03-05,9433.463315888801,3.8248506319954414,3.1224587112248914,93131.23338932738
A00722,H1,5,2022-10-09,9033.176307130347,4.255682707658912,3.124752301420739,168426.7900510323
A00748,H2,1,2025-06-19,7639.275089085282,4.281849438498439,2.9456897674463187,419860.88822662045
A00711,H1,4,2025-08-21,10219.117623091353,3.6674932780517344,3.3580161199472682,459950.86919310875
A00062,H2,1,2025-09-20,8450.546926975712,3.6916930570199353,3.089207910770514,131192.15092469458
A00662,H2,2,2022-03-23,8330.49760427762,3.9869612987260896,3.2106220681979103,102427.84170783075
A00357,H1,4,2023-12-08,9588.766408171572,3.674756227978105,3.27261762532728,145507.80380275936
A00437,H1,2,2022-10-31,9841.433162960939,3.792508916899151,3.3718191030614757,83317.78201052117
A00734,H2,1,2022-07-24,9572.267929437628,3.840812906634551,3.200434154260161,378841.5693336846
A00526,H2,4,2023-02-06,8858.790526133482,3.5470678176871746,3.2200548445266626,129177.15251531561
A00162,H2,3,2025-03-01,9758.516702679886,3.9160623934178957,3.166861731915354,106063.04306840792
A00427,H1,2,2022-12-20,8309.079002720133,3.788172873598111,3.493188515014176,119812.15128726943
A00600,H1,1,2024-05-09,10023.762542658871,3.4538192454467693,3.3824733766701,133125.9851002902
A00126,H2,1,2023-08-03,8101.597950546198,3.5493911321698968,3.0195256576695466,105888.69306455312
A00304,H1,1,2024-08-21,8247.956985001556,3.3785506613791068,3.1832830143129285,277213.3100097637
A00400,H1,3,2023-02-21,10075.346622726902,3.6429349011014605,3.542398962992452,518682.9436853614
A00607,H1,5,2022-11-14,8543.107057959009,3.537230189982761,3.1222677242630588,131491.35855544382
A00319,H3,2,2024-10-22,7705.878689664469,4.08500552801082,3.4295143146956266,112095.18565567321
A00355,H1,1,2023-10-10,10051.64956527079,4.022201971137368,3.261783047600495,460326.1214606013
A00576,H1,1,2024-06-12,8238.779394286297,3.778849178128716,2.982461504355978,61338.24016222567
A00004,H3,2,2025-08-28,7127.552903494965,4.287490574676538,3.118531979584107,425406.52372902905
A00148,H2,4,2022-02-20,10615.56203024669,3.573487249933247,3.190302592012459,87108.78432997041
A00489,H1,1,2023-06-09,8459.296839836907,3.3952771511522863,3.145441723283796,228776.73055838677
A00674,H2,3,2023-01-06,8771.574107211633,4.15223702664549,3.044840093775621,231164.4014803643
A00244,H1,1,2024-12-05,7957.440626564381,3.7620556584880203,3.2489703675690476,109753.29950505322
A00712,H2,1,2025-07-16,8500.966590329946,3.3219393361202902,3.4593434345509624,132729.4583932113
A00195,H2,5,2025-09-22,8247.523836613123,3.980475695967794,3.14308807340538,150242.36997733676
A00050,H2,3,2023-09-05,9186.819508256607,4.420855975020304,3.184296326825124,57186.33178802316
A00286,H2,5,2023-11-06,8668.704560336404,3.839764374513523,3.152345701613619,114321.40304598086
A00532,H2,1,2022-10-22,8504.737394258476,3.884859596329371,3.1733418279460786,62514.399294226896
A00306,H1,3,2024-10-17,10839.109134662598,4.1850456417228035,3.128570774742359,150858.32243536247
A00601,H1,3,2025-09-28,10693.790523969614,4.060186341730992,3.075391359708036,124181.68116829453
A00043,H3,2,2024-01-07,8795.669229329329,3.900461861766203,3.3203674993319434,174709.14291399007
A00666,H3,5,2025-09-28,6895.021122730948,3.7713128145774424,3.3969267306256943,65527.23499065992
A00159,H2,3,2024-12-29,7643.496936829622,3.732354724965945,3.5463178360825074,208888.35126449843
A00040,H1,1,2022-06-15,9378.222372123328,3.6774795583498063,3.240454160005846,108647.60171418924
A00239,H2,5,2023-07-07,8679.90823263753,3.5060987479223304,3.3383187271745185,166635.10457696204
A00364,H2,2,2023-05-05,9412.771252496046,3.9911404180072965,3.309083603624797,301797.7796169919
A00622,H1,3,2023-08-28,9643.447060142862,3.9769083561266725,3.3226532511036226,315788.7537602582
A00309,H1,5,2022-04-19,9445.95746649074,3.659974639730188,3.0606054037612576,41837.94958735328
A00229,H1,4,2025-09-20,8812.564464937204,4.325865074955286,3.3225678282080042,145587.96598059288
A00034,H1,1,2025-07-06,10086.395773768372,3.918559663174394,3.043239694137097,84464.9019845119
A00283,H1,4,2022-09-09,10882.403606290287,3.898973208741896,3.195445521605832,379882.347178681
A00491,H2,1,2024-12-24,7502.859114051753,3.641021444652173,3.1215272357462314,350959.7019758264
A00226,H2,3,2022-01-14,9106.337824862681,3.6500397312516757,3.2503143364210594,107824.21295587957
A00589,H1,2,2023-04-04,9529.14668676432,3.8036363787319236,3.192838581749295,115096.00059295115
A00337,H2,5,2023-04-26,10498.97279911998,3.8338823658007493,3.3598031636775727,231755.2745833295
A00709,H2,5,2023-05-09,8836.875345910794,3.974801172887757,3.144922835460252,216025.0294821813
A00490,H1,5,2024-03-08,10534.617888393734,3.8072571777417656,3.10075414549009,101142.39352279194
A00074,H1,4,2024-09-18,8879.734771464293,3.7338639094996933,2.8302738063334467,56381.02232202898
A00442,H1,2,2024-07-05,8316.827575857818,3.6923569021066944,3.244748978260219,73182.67076828616
A00775,H1,5,2024-09-29,9632.688256026011,4.068809346385536,2.9703596928796316,155302.7503621609
A00239,H1,2,2024-11-08,9153.33735951512,3.684887954848121,2.7067977182411913,301187.41326949035
A00057,H1,1,2023-09-13,8106.689474372588,3.7452569208955673,3.111685371731974,207015.48095426452
A00558,H1,3,2023-04-09,10916.793142344088,3.8052796475583186,3.2234524498014028,227264.32474722297
A00113,H2,3,2024-08-21,7757.783349509203,3.8552747616920535,3.113971937347354,250615.23872441525
A00241,H3,4,2023-12-27,7339.976730940434,3.774151151206545,3.03809201912543,146718.6712806291
A00360,H1,5,2022-12-29,9625.263536081355,3.7615460381300827,3.08642620191648,78263.62561635417
A00779,H3,3,2024-11-16,8942.72962613494,3.7140919226019133,3.5283964929971097,134259.84473906536
A00748,H1,2,2023-04-10,9857.027782607654,3.756803572196703,3.1625868639566384,182505.63868793708
A00183,H3,1,2025-05-04,9098.817466596436,3.9554005943796953,3.445183607440213,104042.90270528568
A00482,H1,1,2024-10-26,9233.245366060228,3.8812640477779725,3.4078071839276554,106979.41233954096
A00459,H1,4,2023-03-17,10402.894698863167,3.8835424458703027,3.378398199832894,87727.25398982984
A00698,H2,1,2024-05-02,8897.990261595534,3.487795318579546,3.1729747063763023,153621.51302488684
A00787,H1,4,2023-11-30,9558.167102622177,3.6449545901602893,3.3522354025883794,94835.27053393629
A00113,H1,3,2025-09-11,11464.854554989868,3.5571764637524916,3.072818482081521,298623.49710456544
A00091,H1,1,2022-03-26,9667.18505379378,3.746106528055479,3.3676155120014832,262952.8949520172
A00239,H2,4,2025-06-12,8529.726628700279,3.7360124988490107,3.657011235149462,441172.86208360945
A00579,H2,1,2024-02-01,7794.919855679724,3.5928599912148864,3.1089831601526625,367329.05664944043
A00486,H1,1,2022-03-17,7395.972810900394,3.8631614553172846,3.052563088838874,125711.09051817807
A00241,H1,1,2024-07-11,8867.070308890616,3.9053033505981274,3.210432293937883,187362.62306614488
A00609,H3,4,2024-06-09,8437.045540221847,3.6013102970742543,3.2065484571159972,460825.22433960537
A00726,H1,2,2023-09-10,10139.560890847455,3.732017891052061,3.3010766207834448,104296.62092598075
A00485,H2,2,2025-08-22,8000.688665650684,3.72677340357113,3.5019992414632206,165925.655393939
A00397,H1,1,2022-03-31,9211.92781829238,3.7827148876904952,3.2962677135329215,470466.54783946933
A00725,H1,2,2022-09-10,7838.648700877529,3.6511229556976477,3.3964070841051988,57095.45887113202
A00373,H1,2,2024-04-10,11510.140839874528,4.111371231378093,3.3155290427495996,339038.9695464591
A00108,H1,4,2024-05-25,9205.128007134721,3.8399815313632204,3.2815033129629287,41659.02097698168
A00189,H1,4,2023-06-12,10158.665396836763,4.256700220626588,3.2834176363801486,86912.12653105309
A00103,H3,2,2022-07-16,9430.748843349025,4.149355038040642,2.972066542123749,209133.08702944836
A00387,H1,3,2024-07-20,7747.376810335685,3.6365869888015734,3.019567508964924,205350.63797865796
A00241,H1,2,2022-07-15,10174.586713260875,3.88699399780603,3.2763280455099753,120498.71416754587
A00623,H3,5,2022-06-23,8576.043945495587,3.9538136300832387,3.375369986373183,157930.03927912854
A00123,H1,2,2023-03-17,10122.496290007355,3.8815948885973133,3.3394476728223754,70243.26875062285
A00164,H1,2,2022-03-16,9433.028754875248,3.6161367135088383,3.4438876138778047,77445.41958716646
A00097,H1,4,2025-03-10,9619.481930150394,4.245186677205076,3.117723668771227,151704.89010856263
A00197,H1,2,2024-03-22,10688.155538770892,3.7281319712996086,3.265265507112966,317243.12625063217
A00314,H1,2,2025-01-20,9752.791275843168,3.871137554103612,3.1081090328587067,128280.51363387027
A00212,H1,1,2023-12-17,10067.727801613626,4.10248888920409,3.3021964897288294,94892.77637767776
A00775,H2,3,2024-05-19,9536.086429178178,3.89023717858717,3.1939617427330047,82212.9666988625
A00346,H2,4,2023-02-25,8725.751728472482,4.131930098295232,3.248357321174927,109547.10434323868
A00118,H2,1,2023-08-05,8999.865313176288,3.48221330641086,3.4608346537809545,149196.4494497661
A00218,H1,4,2022-10-03,8295.08488028999,3.433332016046152,3.1127001995890384,213415.12794789448
A00775,H2,3,2025-03-24,9151.636513263587,3.7136246943344116,3.2267992765163025,278717.60526567535
A00669,H2,3,2022-05-26,7955.140465429782,3.586029019915916,3.375727328270756,114230.2975735795
A00295,H3,2,2022-05-26,9756.001552997912,4.065254156639745,3.175863110435135,141480.05972975784
A00458,H3,1,2022-05-29,9333.64041765411,3.9863468272108027,3.1878951176654313,328123.74171730917
A00514,H3,5,2025-09-13,7158.559590869513,3.751056133594004,3.2871021473410766,189031.65748231224
A00238,H1,2,2025-08-17,9851.367891170632,3.652312054485877,3.3029638403081782,60782.70626407034
A00483,H2,5,2022-05-25,7833.33799752088,3.617458428533587,3.2524171147777694,109221.77355744594
A00018,H2,2,2023-08-01,8583.13288100511,3.7666045175064884,3.4695460822700683,258774.70649681642
A00046,H3,1,2022-09-11,8029.477698746251,3.5374046146503093,3.3848427860751924,87892.17771335605
A00545,H3,3,2023-01-20,7948.772574337674,3.667730824634147,3.1516370893848475,165101.64703781996
A00565,H3,3,2023-08-15,9255.46475558068,3.8715592161410406,3.268996760296906,176456.50395239354
A00378,H2,3,2024-05-29,11690.801018118227,4.093641780186785,3.1980864788272294,109575.3286740627
A00445,H2,4,2022-09-11,8522.002598973073,3.4420730792807177,3.0420518602258495,195835.30229733203
A00043,H1,4,2025-08-19,9529.554422361645,4.09168970802912,3.3165235252706045,246635.7426886901
A00189,H2,4,2025-09-05,9009.558173133779,4.0698921962250605,3.588495350692193,135923.71709590356
A00698,H2,2,2024-04-16,10069.901497378676,3.6624523562013804,3.7825002404844676,96254.2321004014
A00238,H2,4,2024-02-25,9573.224720439712,3.9928451316376163,3.209454605347015,247999.05121895275
A00245,H3,5,2022-05-17,8626.29069077868,3.5062649776734682,3.236178632414458,166713.05354931107
A00242,H1,5,2022-04-24,8317.894680732159,3.7667484023270603,3.193867657569826,477561.0543175957
A00105,H2,5,2024-05-03,8963.01603742903,3.3315208707912287,3.3710215327878923,101060.89503982905
A00396,H1,2,2022-04-26,10640.78145147905,4.083184527118656,3.5355141114013295,423016.40841313114
A00306,H2,2,2022-06-15,7528.6737145459465,3.957982602597397,3.1252452789161524,111846.46638478193
A00790,H1,4,2024-11-10,8315.361721933608,3.8503240516327764,3.465774268507804,147731.5613388605
A00464,H3,3,2022-10-13,9561.838358253119,3.61601708765238,3.0434613551646903,53594.1627496036
A00491,H1,2,2025-02-06,8531.077803107562,3.896427009386909,3.2056394068147416,568971.6835550955
A00052,H1,5,2022-08-19,9308.360087967141,3.5923606490192124,3.267145431540543,238028.85693325268
A00716,H2,1,2022-07-13,7502.655350518837,4.168764011807736,3.414164739987493,207460.78230250257
A00089,H1,3,2022-11-30,10314.315407680118,4.116092540604855,3.1314339700883673,726455.7442907067
A00481,H1,3,2022-01-24,9132.423570850735,4.141248818482379,3.3486299260104335,104782.0051679
A00619,H1,5,2024-04-02,8754.78126722358,3.8119887298597877,3.3430450223375345,120551.53482892373
A00095,H1,4,2022-10-25,7407.685597643662,3.909783715583009,2.8919980091268664,82666.30415036574
A00491,H2,1,2025-03-07,6886.978639506811,3.387888888059674,3.3267439313414724,131269.22869189348
A00068,H2,5,2023-03-04,9415.623145277841,3.7869781836733747,3.3980813309875573,267652.76872842095
A00338,H1,2,2023-05-24,8942.07651083307,3.825577679781827,3.1102323306392594,79667.42382486195
A00405,H2,4,2025-03-09,9381.66899030073,3.471991030692253,3.4738121899074725,253529.73655270453
A00443,H2,5,2024-04-29,8691.39522156938,3.724395545038594,3.557778135739597,219263.05115932442
A00132,H3,5,2023-06-24,9334.104277681508,3.902047617355043,2.9367023024758963,176255.27959515393
A00341,H1,3,2023-03-04,10394.78946871065,4.2239914899554325,3.324500018130574,152075.0836677592
A00699,H1,2,2025-05-20,9819.198286969988,3.958132637442229,3.2960878766916863,151675.95091906286
A00761,H1,2,2023-08-18,10393.503734601132,3.818535764324856,2.9835245493750295,133973.85218260353
A00206,H2,5,2023-12-14,7922.479336140706,4.167751978372428,3.4462241208056303,388490.4599349096
A00009,H1,2,2024-05-10,10288.181242630168,3.705631244769774,3.2734107198495703,134993.7599129977
A00231,H2,2,2022-12-13,8820.718807452267,3.8909462364124883,3.4790559641175927,90140.83132043111
A00039,H2,2,2022-06-06,8437.837538974818,3.6513577640875567,3.214638949093265,213184.5640113248
A00370,H2,2,2023-05-22,10078.382018476648,3.574703587347574,3.470339960545521,182508.79098696742
A00771,H1,4,2025-08-16,9435.689561915595,3.986269663620351,3.28371679416361,122508.40780017058
A00189,H3,5,2024-07-17,9144.105813640877,3.9204187655689298,3.1874204419919185,277113.78797272925
A00244,H2,2,2023-07-19,8916.357818058474,4.220888928059949,3.1216119887627816,123597.531312072
A00645,H2,5,2023-04-03,8676.877232583782,3.6707658419607045,3.26128994489123,70822.69805380974
A00632,H2,1,2024-09-12,6207.061865090572,4.0135344459943445,3.5305349949163265,135924.69399283375
A00763,H3,2,2023-03-05,8467.80020239002,3.2087795476422194,3.2356158860608297,417971.48401702475
A00196,H1,1,2024-02-20,9149.894017733046,4.092781209613138,3.2345890409953952,725215.8577018748
A00082,H2,3,2022-07-17,8617.422219226148,3.6938899331630815,3.433257756546286,163613.6779391361
A00358,H3,2,2023-05-07,9453.706399935074,3.871824211020642,3.2384961959245926,186265.00391197533
A00086,H1,2,2025-08-07,8964.660089055038,4.3951323902608,3.4141367311918462,83893.98678703964
A00218,H1,4,2023-04-28,9805.677688864838,4.07435429873283,2.8954020620984293,130115.14457515956
A00280,H1,4,2024-02-16,9675.195378860068,3.819088175455253,3.44172364707438,179742.7842061077
A00736,H2,3,2023-06-16,11005.033196322798,3.8431684942460262,3.157399269106173,47714.52414355994
A00059,H2,4,2024-01-15,8751.011345374021,3.8877859942614523,3.1476685519885046,86655.60781015072
A00408,H1,4,2023-05-15,8749.460672845404,3.9109289659269524,2.907099161532313,61924.284168757295
A00752,H2,5,2024-10-30,9747.928118193555,3.605323492573631,3.103101914542201,153283.27241124137
A00053,H1,3,2023-08-12,11356.568139095096,3.783659156721156,3.270445296835254,117868.26133974158
A00440,H2,2,2023-03-06,8593.887066192958,4.075198794075303,3.3489425475191834,269173.79788611666
A00471,H2,3,2023-07-23,10069.80043499664,4.038673126514071,3.5318297014951394,168977.2055403264
A00627,H1,4,2024-02-10,9374.899467541942,3.574735267188446,3.3965435017779844,68348.71188659739
A00566,H1,5,2025-07-21,10318.387078614596,3.6979403127450885,3.3314341812486377,168689.3690394577
A00417,H3,5,2023-05-09,7132.57151141006,3.7420647783385923,3.2464079839842124,178081.41511134178
A00504,H3,3,2022-10-09,8714.270977466023,3.5698756630469686,3.1675189890264974,477116.59094205714
A00604,H2,3,2022-04-07,8879.07433925472,3.6296444235296885,3.283190872765952,135129.5834482183
A00182,H1,5,2022-08-21,8432.590609434328,3.805040178274647,3.4503788050900743,60506.55360177176
A00251,H2,5,2022-07-30,8329.77967223392,4.031057871487647,3.0728400621636083,147971.60187545104
A00214,H1,1,2025-09-28,8363.438218567677,3.5341512341832537,3.2478993076007496,292847.8142310729
A00673,H1,2,2024-09-30,9659.068237148733,3.754221596531235,2.903540256292439,398031.31788642204
A00196,H2,5,2024-08-31,9208.785602594162,3.55599680368816,3.3061597051274116,539359.2877117859
A00331,H3,5,2025-06-17,8639.591669680653,3.7586215677575407,3.4659527294156915,233781.93424988547
A00768,H3,4,2024-12-26,8625.057649858903,3.8092770340070166,3.2948097425669185,307930.0655417602
A00207,H2,5,2022-04-24,9449.105331030478,3.7853470080775824,3.169266149285702,54681.624069141304
A00200,H1,5,2024-09-26,7559.57751345215,3.843984551584983,3.2398951338262583,178265.9572728436
A00193,H1,2,2024-10-12,10502.270714197199,3.6043285064095354,3.1600788055024287,530285.1354331769
A00467,H1,1,2024-01-26,9743.985627473043,4.103930046744811,3.0103162557321377,97770.59091953746
A00279,H3,2,2024-09-29,8055.764982569083,3.9048936053502508,3.361538480922708,225605.45440931644
A00750,H3,3,2025-02-12,9228.839803588362,4.11557782815707,3.207072865218683,148006.19841150823
A00193,H1,1,2023-06-11,9739.101764135215,3.8574743020169,3.2653480717438144,60974.147300040335
A00123,H2,2,2025-08-07,9052.695342377685,3.8516070307466546,3.025170324603926,87251.67751407702
A00047,H1,4,2022-02-16,10349.063767185933,3.897506233170401,3.228304790786009,455689.06694640865
A00454,H1,2,2024-03-04,10021.677254629754,3.845777669408795,3.496963091145954,178522.740908046
A00600,H1,1,2023-04-19,9972.503188364577,2.878048914595084,3.329231792632914,170358.59707128265
A00398,H1,2,2024-12-22,9707.045430831422,4.019451854331796,3.2017668746041013,368537.94292434095
A00385,H3,2,2024-03-27,9941.018171365838,4.055421946733873,3.2297010303616682,271733.42282867467
A00794,H1,1,2024-08-12,9554.34225709956,3.6935976703595763,3.6695279241010477,42496.06113684592
A00090,H1,3,2023-12-19,9886.504558792034,3.651551133728219,3.202030951800475,97736.63067242084
A00687,H1,2,2023-07-02,8822.238318791315,3.9175159528956556,3.3204203494132116,82504.38631077847
A00034,H3,3,2023-07-10,9528.035246381136,3.937793595398532,3.533089019632658,272837.40352189867
A00233,H2,4,2023-10-21,7429.736459531378,3.2507153421910386,3.2486695663875915,202993.6610144544
A00279,H1,3,2025-07-17,9022.711214381688,3.7142772850372383,3.213969693568443,248823.22399307252
A00515,H3,4,2024-06-06,9395.066351403042,3.7503009006137025,3.45100789911617,86395.15127692507
A00734,H1,1,2024-12-30,7921.536455324928,4.185898850331856,3.596488625758641,102916.9926163845
A00625,H1,3,2024-05-04,11735.830969670838,4.119028066679506,3.095602701196885,269421.99452609924
A00725,H2,3,2022-11-28,8999.906337688468,4.257481007232611,3.230571196613187,532091.9264278343
A00435,H2,5,2022-11-08,7278.687522787122,3.728372736155452,3.153500202641436,377382.27078341827
A00367,H1,1,2024-10-22,7603.095638842701,4.083512573528042,3.3949013470581297,125260.50820869824
A00671,H1,2,2023-08-22,8328.452408537827,3.964417244487588,3.317053239436642,127215.37780041434
A00407,H2,5,2023-12-19,7658.287022394192,3.9536254951321754,3.434788239310409,181854.35990636412
A00153,H3,5,2025-04-11,7707.701335485732,3.7725201706475593,3.410439861927348,155988.70033626063
A00111,H1,5,2025-08-01,9454.25340717039,3.7539442874882547,3.169337365053152,166305.8468537507
A00179,H1,2,2023-03-16,9743.342926134263,3.6956765121469504,3.4908723226083374,169610.5387487377
A00291,H1,3,2022-12-13,10160.822663539311,3.7743354497475488,2.9926533182433017,169804.82926673727
A00682,H1,5,2024-11-26,6089.387292575369,4.067515538706616,3.4176698478596337,125198.68781002398
A00479,H1,2,2023-10-05,10444.706009974285,3.533130769223471,3.2396959592129915,136514.91914704608
A00357,H1,2,2022-04-02,10879.315341346699,4.161935467965347,3.380259558653545,54221.732134232785
A00544,H1,3,2023-01-27,9341.374023599597,4.326330799363707,3.2690548275708053,207697.5508012272
A00004,H3,5,2022-01-04,10845.716436481596,3.564906924391074,3.140907113819058,85194.75433712549
A00224,H1,4,2024-09-18,8626.5885242116,4.196222625150651,3.315103788760995,349633.714072566
A00062,H2,2,2024-01-08,9397.660644142255,3.6439721664064826,3.2240540514143783,73703.72108326315
A00164,H2,3,2025-03-09,10084.084661397234,3.7679474658742436,3.529354716113857,256215.88419330263
A00551,H1,4,2024-10-16,9294.734353449338,3.946969864223309,3.389421733029546,75275.16163124083
A00367,H1,2,2023-07-27,9115.01457871565,3.49108234292619,3.276884480985762,141636.50391790003
A00707,H1,4,2022-05-10,10167.935277388553,3.675842369658441,3.3664103879224725,150839.60415086334
A00468,H3,2,2024-01-07,8564.029698833427,4.001024098041362,3.341984604473416,448532.4269841887
A00378,H1,4,2022-09-02,9148.390230279976,3.590634254538322,3.147419180466434,98566.56398477464
A00230,H2,4,2025-09-20,9335.154881267097,3.7058690361637256,3.3217263679852036,46460.03955217526
A00497,H1,5,2023-09-22,8993.260129573091,3.4070026184378577,3.1754907037401945,323174.5213510701
A00774,H1,1,2022-03-27,7770.756134608815,3.789268854596696,3.0632705198826033,80562.56480842357
A00495,H1,3,2025-02-09,10988.564760875677,3.753457956991885,3.0681741602467136,199900.3283531684
A00472,H1,3,2023-08-09,9475.63327829802,3.87453771363897,3.217302796847757,285083.33194467105
A00274,H3,2,2022-01-08,8721.54073124843,3.863965341422517,3.1315740758230075,237370.5249600701
A00485,H1,4,2023-12-17,9569.35623830966,3.607485840381406,3.313288800176133,172920.30024755455
A00772,H3,2,2024-02-23,8761.968520069051,3.681978265896617,3.250313875010404,186535.32323943396
A00770,H3,5,2025-03-22,9594.030081371318,3.6314245264766805,3.696292621387868,237098.9399560462
A00512,H1,5,2023-01-24,10075.712764070113,3.7626577236200722,2.980874071436193,80414.69468004775
A00647,H2,3,2023-12-05,9696.596153730447,3.7443626957882925,3.1247595298711364,111474.51566326777
A00081,H1,5,2022-03-12,8762.082012072678,3.716061953854032,3.312421324585692,128593.82233558418
A00538,H1,4,2024-03-15,9863.319627622022,3.7206531355791563,3.0632681610159676,151153.03210891975
A00526,H1,5,2025-05-14,10922.503370612656,4.026193625651257,3.2306890438586726,233598.20053943928
A00660,H1,4,2022-11-17,8654.3373562288,3.8558274120137392,3.464147800476929,180553.950707916
A00558,H1,5,2024-03-31,7456.685899972899,4.369045297440187,3.305532127825146,105656.30396250014
A00149,H2,5,2024-08-08,7930.096726313666,3.446681603858874,2.871102709749174,57514.716762960015
A00325,H1,5,2023-06-30,10224.322675589141,3.603279509697492,3.3462805801245183,266300.06262937275
A00103,H1,5,2025-09-16,8731.454113523485,4.150977315514157,3.5877760973460084,357996.2073387799
A00619,H1,5,2024-06-01,9400.99776632478,3.9657644901056353,2.9390833832136316,52697.557007288495
A00533,H2,4,2022-11-08,8048.53414169798,3.8976186608280536,3.1019414164365706,173401.66725946157
A00498,H2,3,2024-10-22,10396.433810183353,3.8995474778222436,3.189924844977139,109707.55791087341
A00255,H2,2,2024-11-25,8461.336239001497,3.8126666350448946,3.322395804879376,107834.08851816313
A00489,H1,4,2022-10-02,9759.199577356017,3.5196514590373544,3.3529546034644704,180740.6652451933
A00414,H1,1,2022-07-12,8060.929015660329,3.985931538697169,3.355662520927787,110639.05552061863
A00323,H1,4,2024-12-13,9045.498425891263,4.231279777470567,3.3069656285549573,151319.79336659133
A00275,H1,4,2023-06-25,9034.859221451403,4.043153665769147,3.3197180897785414,33400.361678275935
A00653,H3,2,2025-05-06,8559.634299541738,3.840090916422451,2.924256159476378,27440.57985816732
A00401,H3,3,2022-11-25,8024.6484847936845,3.319309757700153,3.2063276489443573,485594.9542170608
A00083,H2,4,2024-11-24,9839.14779201865,3.8053266394526433,3.211301481365919,261549.31441731256
